eventID,numPhotons,numUp,numDown,coincidenceTime,numElasticSensitive,scatteredInelastically,scatteredNotSensitive,nucleusRecoilEnergy,timeOfFlight,detector,
341,207,8,12,0,1,0,0,0,154.844,A0,
1173,448,17,36,0,1,0,0,0,79.3284,A3,
1331,1074,71,74,0,1,0,0,0,81.1688,A7,
4206,973,70,69,0,1,0,0,0,81.3173,A6,
4403,211,16,18,0,1,0,0,0,80.3499,A4,
5044,373,25,23,0,1,0,0,0,77.0192,A3,
5773,1087,72,65,0,1,0,0,0,80.0579,A7,
8576,366,22,24,0,1,0,0,0,77.4697,A3,
9566,161,10,12,0,1,0,0,0,147.096,A0,
10450,377,18,27,0,1,0,0,0,78.2522,A3,
11021,384,15,32,0,1,0,0,0,77.8729,A3,
11198,183,9,8,0,1,0,0,0,148.935,A0,
11486,301,8,15,0,1,0,0,0,92.9916,A2,
14470,266,18,24,0,1,0,0,0,149.092,A1,
15780,632,35,34,0,2,0,0,0,77.5721,A3,
16201,1041,57,68,0,1,0,0,0,81.036,A7,
17091,629,40,31,0,1,0,0,0,79.933,A4,
17925,517,20,42,0,2,0,0,0,150.216,A0,
18329,265,12,12,0,1,0,0,0,154.219,A1,
19504,607,25,33,0,1,0,0,0,77.5403,A4,
22603,377,25,27,0,1,0,0,0,90.2763,A2,
25541,1022,53,74,0,1,0,0,0,81.3006,A7,
26304,1028,57,81,0,1,0,0,0,81.6431,A7,
29524,323,17,14,0,1,0,0,0,92.9648,A2,
31838,964,32,80,0,1,0,0,0,82.9796,A6,
33317,359,17,20,0,1,0,0,0,90.4949,A2,
35731,607,42,48,0,1,0,0,0,77.7962,A4,
36905,1330,73,102,0,2,0,0,0,81.6581,A5,
36956,318,6,17,0,1,0,0,0,147.405,A1,
38572,1034,60,79,0,1,0,0,0,82.0408,A7,
38982,1087,59,89,0,1,0,0,0,80.2215,A7,
42168,1049,63,62,0,1,0,0,0,79.8318,A7,
42217,342,21,21,0,1,0,0,0,80.9428,A3,
42448,764,40,73,0,1,0,0,0,78.8581,A5,
43960,1097,61,71,0,1,0,0,0,83.1549,A7,
44285,935,56,58,0,1,0,0,0,81.2358,A6,
44607,978,65,73,0,1,0,0,0,79.181,A6,
45431,1207,75,87,0,3,0,0,0,80.2926,A4,
46418,631,28,56,0,1,0,0,0,81.3405,A4,
46899,758,40,54,0,1,0,0,0,77.089,A5,
50424,288,16,19,0,1,0,0,0,151.2,A1,
51096,399,15,27,0,1,0,0,0,76.6124,A3,
52851,982,50,71,0,1,0,0,0,81.2627,A6,
53149,178,5,6,0,1,0,0,0,147.654,A0,
53206,1000,62,63,0,1,0,0,0,83.8636,A7,
53992,1408,80,80,0,2,0,0,0,81.591,A7,
55375,602,31,58,0,1,0,0,0,79.5826,A4,
55557,174,7,14,0,1,0,0,0,150.921,A0,
57209,951,51,68,0,1,0,0,0,79.2818,A6,
57251,370,24,27,0,1,0,0,0,80.1442,A3,
62260,458,25,40,0,1,0,0,0,77.8151,A3,
62351,416,19,31,0,1,0,0,0,90.1025,A2,
65817,339,17,21,0,1,0,0,0,89.5771,A2,
65929,829,52,58,0,2,0,0,0,80.256,A4,
67142,391,25,27,0,1,0,0,0,78.2585,A3,
67520,1104,53,81,0,1,0,0,0,79.033,A7,
68920,606,33,46,0,1,0,0,0,78.7624,A4,
70340,178,10,17,0,1,0,0,0,148.508,A0,
70400,1024,63,71,0,1,0,0,0,79.2309,A6,
71447,758,42,48,0,1,0,0,0,79.7054,A5,
75210,156,14,17,0,1,0,0,0,152.6,A0,
77298,322,20,30,0,1,0,0,0,151.891,A1,
77625,732,43,46,0,2,0,0,0,153.077,A1,
78064,566,28,47,0,2,0,0,0,80.3044,A6,
78620,576,32,42,0,1,0,0,0,79.403,A4,
79570,451,32,29,0,1,0,0,0,76.2529,A3,
82038,1047,65,81,0,1,0,0,0,80.6532,A6,
82620,792,50,60,0,1,0,0,0,79.8047,A5,
82978,354,18,28,0,1,0,0,0,89.9031,A2,
84027,364,17,25,0,1,0,0,0,78.2674,A3,
84674,353,17,29,0,1,0,0,0,92.3987,A2,
85608,526,35,39,0,1,0,0,0,80.4977,A4,
86398,945,49,74,0,1,0,0,0,80.8955,A6,
87156,328,20,27,0,1,0,0,0,149.791,A1,
88514,1161,63,98,0,2,0,0,0,80.1463,A7,
91294,1183,54,103,0,2,0,0,0,81.6205,A7,
91503,203,13,15,0,1,0,0,0,151.322,A0,
92301,174,12,19,0,1,0,0,0,151.04,A0,
92597,281,14,25,0,1,0,0,0,146.676,A1,
92716,42,2,4,0,1,0,0,0,90.8839,A2,
92926,579,41,40,0,1,0,0,0,81.445,A4,
93112,412,33,33,0,1,0,0,0,90.2202,A2,
93235,332,13,20,0,1,0,0,0,147.444,A1,
94574,368,24,25,0,1,0,0,0,88.8888,A2,
94668,638,38,31,0,1,0,0,0,77.7064,A4,
96002,1007,62,77,0,2,0,0,0,79.2523,A5,
96018,215,12,14,0,1,0,0,0,146.326,A0,
97497,552,32,45,0,1,0,0,0,80.194,A4,
99527,446,25,27,0,1,0,0,0,78.4359,A3,
100875,313,18,24,0,1,0,0,0,92.4156,A2,
102491,930,62,72,0,1,0,0,0,79.0075,A6,
102565,1243,71,85,0,2,0,0,0,81.9277,A7,
102801,360,16,29,0,1,0,0,0,79.1106,A3,
103560,299,13,21,0,2,0,0,0,79.2883,A3,
105748,403,21,26,0,1,0,0,0,76.3911,A3,
105966,435,16,44,0,1,0,0,0,76.0298,A3,
109488,425,21,27,0,1,0,0,0,80.5844,A3,
109829,575,33,40,0,1,0,0,0,81.3436,A4,
110351,196,12,17,0,1,0,0,0,151.853,A0,
111656,180,10,11,0,1,0,0,0,88.5466,A2,
111698,1008,58,66,0,1,0,0,0,80.441,A7,
112022,368,19,29,0,1,0,0,0,80.8334,A3,
112717,830,38,73,0,1,0,0,0,79.2167,A5,
112733,1202,64,97,0,1,0,0,0,79.4247,A7,
114918,434,17,31,0,1,0,0,0,80.2757,A3,
114944,738,38,49,0,1,0,0,0,77.7119,A5,
117332,347,30,15,0,1,0,0,0,91.1864,A2,
117991,380,20,31,0,1,0,0,0,77.1177,A3,
119689,386,25,25,0,1,0,0,0,78.531,A3,
122111,759,50,63,0,1,0,0,0,81.6867,A5,
122802,398,31,30,0,1,0,0,0,76.9964,A3,
124161,820,37,53,0,1,0,0,0,80.8066,A5,
124915,1169,72,95,0,1,0,0,0,83.4768,A7,
125914,562,30,33,0,1,0,0,0,81.8504,A4,
126734,418,16,31,0,1,0,0,0,78.8851,A3,
129865,162,9,7,0,1,0,0,0,151.623,A0,
130750,349,20,20,0,2,0,0,0,76.1974,A3,
130995,315,25,23,0,1,0,0,0,147.229,A1,
131969,403,21,43,0,1,0,0,0,77.0443,A3,
132226,1114,61,71,0,1,0,0,0,82.9076,A7,
134418,330,16,23,0,1,0,0,0,151.048,A1,
135426,1146,60,78,0,1,0,0,0,79.4854,A7,
137387,288,9,33,0,1,0,0,0,150.682,A1,
138682,1054,60,76,0,1,0,0,0,79.9619,A7,
139421,315,11,23,0,1,0,0,0,93.385,A2,
140201,36,3,2,0,1,0,0,0,77.7328,A3,
142295,202,9,11,0,1,0,0,0,146.921,A0,
142589,1278,79,74,0,3,0,0,0,81.2221,A5,
145124,330,16,33,0,1,0,0,0,91.7115,A2,
146026,408,24,29,0,1,0,0,0,89.3954,A2,
146033,983,52,67,0,1,0,0,0,80.3226,A6,
146832,630,31,42,0,2,0,0,0,78.6457,A3,
146839,392,21,42,0,1,0,0,0,91.1695,A2,
146874,351,19,25,0,1,0,0,0,91.6978,A2,
147584,411,23,23,0,1,0,0,0,78.5302,A3,
149999,793,45,59,0,1,0,0,0,80.3161,A5,
151113,1073,52,89,0,1,0,0,0,82.1861,A7,
152214,422,22,30,0,1,0,0,0,80.2691,A3,
153190,805,48,49,0,2,0,0,0,80.0694,A5,
154822,885,54,55,0,1,0,0,0,80.7253,A6,
155067,1104,54,77,0,1,0,0,0,81.534,A7,
156653,166,8,8,0,1,0,0,0,150.518,A0,
157658,381,27,21,0,1,0,0,0,80.9193,A3,
157988,389,25,37,0,1,0,0,0,90.4295,A2,
158466,1038,65,87,0,1,0,0,0,82.4634,A6,
162064,398,24,25,0,2,0,0,0,78.4526,A3,
164942,1246,82,85,0,2,0,0,0,81.7905,A6,
167135,1062,56,75,0,1,0,0,0,79.4255,A7,
168119,274,9,26,0,1,0,0,0,154.908,A1,
169545,1084,56,71,0,2,0,0,0,81.0584,A5,
169772,556,32,44,0,1,0,0,0,79.5517,A4,
170955,980,56,74,0,1,0,0,0,82.6551,A6,
175934,466,28,40,0,1,0,0,0,77.2404,A4,
177545,465,23,35,0,1,0,0,0,79.1305,A3,
177625,574,27,38,0,1,0,0,0,79.556,A4,
179466,790,43,54,0,1,0,0,0,78.4083,A5,
179722,401,28,31,0,1,0,0,0,77.9822,A3,
180698,1776,101,102,0,3,0,0,0,81.2856,A7,
181481,171,12,10,0,1,0,0,0,152.037,A0,
184616,279,15,21,0,1,0,0,0,147.344,A1,
184695,560,38,37,0,1,0,0,0,81.136,A4,
185574,366,17,27,0,1,0,0,0,77.9681,A3,
186696,334,15,26,0,1,0,0,0,150.367,A1,
186947,668,39,51,0,1,0,0,0,78.9074,A4,
188605,401,18,28,0,1,0,0,0,79.9433,A3,
189590,602,41,53,0,1,0,0,0,78.9681,A4,
189853,530,33,43,0,1,0,0,0,77.2295,A4,
191990,374,20,26,0,1,0,0,0,79.1521,A3,
192104,450,24,27,0,1,0,0,0,77.2777,A3,
192995,324,16,27,0,1,0,0,0,93.4715,A2,
193628,145,17,7,0,1,0,0,0,151.891,A1,
194340,394,23,22,0,1,0,0,0,91.0585,A2,
194625,305,15,24,0,1,0,0,0,90.0271,A2,
195296,697,39,48,0,1,0,0,0,78.8555,A3,
195312,812,55,54,0,1,0,0,0,78.3758,A5,
196847,572,36,29,0,1,0,0,0,80.2692,A4,
197008,2099,107,139,0,3,0,0,0,83.302,A7,
197395,345,18,17,0,1,0,0,0,88.9989,A2,
197728,185,8,12,0,1,0,0,0,152.472,A0,
201417,755,52,59,0,1,0,0,0,81.5184,A5,
202157,752,52,40,0,2,0,0,0,92.0513,A2,
202329,202,12,14,0,1,0,0,0,153.698,A0,
203178,412,21,32,0,1,0,0,0,77.3822,A3,
203454,853,53,79,0,2,0,0,0,77.5968,A4,
205923,395,22,29,0,1,0,0,0,79.1935,A3,
206753,179,11,20,0,1,0,0,0,152.683,A1,
211911,573,42,38,0,1,0,0,0,80.203,A4,
212321,342,23,28,0,1,0,0,0,91.2008,A2,
214969,539,36,32,0,1,0,0,0,79.0772,A4,
215706,1029,53,67,0,2,0,0,0,81.4189,A4,
217485,1085,68,92,0,1,0,0,0,79.6384,A7,
217596,1154,77,84,0,1,0,0,0,81.6587,A7,
218337,1099,69,84,0,2,0,0,0,80.7364,A6,
218938,491,21,31,0,2,0,0,0,150.633,A0,
221603,430,28,22,0,1,0,0,0,76.4222,A3,
222487,894,54,69,0,2,0,0,0,152.424,A1,
224586,1102,65,80,0,1,0,0,0,80.686,A7,
225201,326,23,18,0,1,0,0,0,92.0633,A2,
225926,266,10,17,0,1,0,0,0,81.1868,A4,
226637,386,28,27,0,1,0,0,0,92.5104,A2,
227254,405,28,29,0,1,0,0,0,79.4331,A3,
228052,403,25,31,0,1,0,0,0,78.795,A3,
230842,140,5,11,0,2,0,0,0,149.55,A0,
232868,346,20,25,0,1,0,0,0,91.4586,A2,
235142,400,27,32,0,1,0,0,0,88.4354,A2,
235712,188,6,12,0,1,0,0,0,147.777,A0,
235973,576,44,42,0,1,0,0,0,78.3049,A4,
236928,941,40,69,0,1,0,0,0,81.4193,A6,
238385,787,42,62,0,1,0,0,0,78.935,A5,
238946,396,30,25,0,1,0,0,0,90.5313,A2,
240349,1456,72,114,0,2,0,0,0,80.0742,A7,
242012,956,58,66,0,1,0,0,0,81.2686,A6,
242863,580,33,35,0,1,0,0,0,78.897,A4,
243278,1262,77,75,0,2,0,0,0,79.848,A5,
244020,1023,55,69,0,1,0,0,0,82.5714,A6,
245157,742,41,53,0,2,0,0,0,80.8228,A5,
246295,173,11,15,0,1,0,0,0,153.397,A0,
249713,1025,59,72,0,1,0,0,0,80.7988,A7,
255115,432,25,27,0,1,0,0,0,77.8081,A3,
256798,959,71,62,0,1,0,0,0,81.3164,A5,
258363,594,45,36,0,1,0,0,0,79.3312,A4,
258484,1083,64,87,0,1,0,0,0,83.376,A7,
260512,323,20,19,0,1,0,0,0,91.1068,A2,
260724,372,21,32,0,1,0,0,0,77.7306,A3,
262602,411,32,43,0,1,0,0,0,77.1939,A3,
264535,626,43,52,0,1,0,0,0,78.5736,A4,
264714,409,23,19,0,1,0,0,0,78.998,A3,
264932,823,51,66,0,2,0,0,0,78.6112,A5,
265376,369,23,30,0,1,0,0,0,78.8031,A3,
265506,614,43,36,0,1,0,0,0,78.5741,A4,
267246,723,47,64,0,1,0,0,0,79.2396,A5,
268080,338,24,29,0,1,0,0,0,90.9305,A2,
268851,151,12,8,0,1,0,0,0,152.425,A0,
269765,1023,68,70,0,1,0,0,0,79.9736,A6,
269886,1858,102,142,0,4,0,0,0,92.2181,A2,
270396,342,27,22,0,2,0,0,0,76.6048,A3,
270854,368,11,27,0,1,0,0,0,78.4673,A3,
271517,174,11,11,0,1,0,0,0,153.252,A0,
273872,537,29,27,0,1,0,0,0,79.4367,A4,
276598,1741,92,131,0,2,0,0,0,82.4401,A6,
280576,204,13,17,0,1,0,0,0,150.176,A0,
280581,528,28,44,0,1,0,0,0,78.2912,A4,
281754,489,28,30,0,1,0,0,0,90.5357,A2,
284304,389,16,32,0,1,0,0,0,89.1338,A2,
284821,394,28,32,0,1,0,0,0,76.3325,A3,
285104,171,6,15,0,1,0,0,0,152.459,A0,
286680,1068,66,83,0,1,0,0,0,81.9749,A7,
286853,165,6,19,0,1,0,0,0,79.3548,A3,
286930,341,22,13,0,1,0,0,0,89.7412,A2,
287106,179,9,20,0,1,0,0,0,152.426,A0,
289005,375,22,30,0,1,0,0,0,89.7742,A2,
290790,817,47,67,0,1,0,0,0,79.3988,A5,
291095,408,17,33,0,1,0,0,0,79.8521,A3,
293288,780,39,52,0,1,0,0,0,80.3255,A5,
293951,181,16,18,0,1,0,0,0,150.732,A0,
294480,975,65,70,0,1,0,0,0,82.1738,A6,
295639,757,38,63,0,2,0,0,0,77.8565,A5,
297886,1058,57,76,0,2,0,0,0,79.1976,A3,
298197,414,34,34,0,1,0,0,0,77.7288,A3,
298762,789,49,47,0,1,0,0,0,80.4987,A5,
299377,1346,90,81,0,2,0,0,0,82.729,A6,
299425,593,31,44,0,1,0,0,0,78.8318,A4,
300575,416,20,24,0,1,0,0,0,78.1595,A3,
301825,611,31,53,0,1,0,0,0,79.9624,A4,
303192,746,38,71,0,2,0,0,0,91.3951,A2,
303588,372,19,32,0,1,0,0,0,76.687,A3,
303728,1002,62,63,0,1,0,0,0,79.9616,A6,
306945,590,28,52,0,1,0,0,0,77.0831,A4,
308685,327,19,31,0,1,0,0,0,93.1294,A2,
310561,430,31,32,0,1,0,0,0,79.2416,A3,
310907,608,33,44,0,1,0,0,0,78.7668,A4,
311079,160,12,12,0,1,0,0,0,80.7732,A5,
311729,995,63,81,0,1,0,0,0,81.2459,A6,
312322,749,35,46,0,1,0,0,0,79.869,A5,
314139,966,48,77,0,1,0,0,0,82.0501,A6,
314400,1023,51,64,0,1,0,0,0,82.2138,A7,
315878,779,44,60,0,1,0,0,0,78.7417,A5,
317860,329,18,17,0,1,0,0,0,150.877,A1,
320536,267,8,23,0,1,0,0,0,91.3941,A2,
320610,359,24,24,0,1,0,0,0,92.8921,A2,
320968,1140,53,72,0,2,0,0,0,79.9718,A7,
321105,1132,62,90,0,1,0,0,0,80.7121,A7,
321292,1100,46,81,0,1,0,0,0,80.0722,A7,
322648,768,45,55,0,1,0,0,0,82.7715,A7,
322973,604,29,47,0,2,0,0,0,77.6544,A4,
323402,366,27,20,0,1,0,0,0,80.7806,A5,
324204,1093,65,73,0,1,0,0,0,82.9869,A7,
324980,55,4,4,0,1,0,0,0,78.3695,A3,
326085,1490,89,111,0,2,0,0,0,79.8777,A6,
326104,911,47,45,0,2,0,0,0,81.8072,A4,
327963,199,10,11,0,1,0,0,0,147.442,A0,
330112,779,45,44,0,1,0,0,0,80.0303,A5,
331515,362,22,29,0,1,0,0,0,78.2805,A3,
331943,176,15,10,0,1,0,0,0,150.524,A0,
334477,1041,58,68,0,2,0,0,0,79.1091,A4,
335066,584,32,39,0,1,0,0,0,79.603,A4,
335671,363,24,23,0,1,0,0,0,77.458,A3,
336872,625,34,47,0,1,0,0,0,80.2854,A4,
337995,796,40,52,0,1,0,0,0,81.4461,A5,
338209,596,39,41,0,1,0,0,0,79.6791,A5,
339891,980,55,80,0,1,0,0,0,81.5043,A7,
340029,1051,57,66,0,1,0,0,0,81.5581,A7,
340098,226,12,17,0,1,0,0,0,79.9235,A5,
342148,214,12,14,0,1,0,0,0,79.0403,A5,
343096,1399,64,103,0,2,0,0,0,80.8274,A7,
343688,746,39,51,0,1,0,0,0,79.8139,A5,
343891,391,26,34,0,1,0,0,0,91.2855,A2,
344253,551,26,43,0,1,0,0,0,77.1936,A4,
345320,921,56,62,0,1,0,0,0,81.7102,A6,
346884,842,49,54,0,2,0,0,0,77.8913,A3,
348629,1036,69,68,0,1,0,0,0,80.9711,A7,
350950,346,23,20,0,1,0,0,0,92.3416,A2,
354924,408,27,30,0,1,0,0,0,79.2862,A3,
355581,859,65,63,0,1,0,0,0,79.0661,A6,
355885,543,35,36,0,1,0,0,0,80.747,A4,
356039,954,54,78,0,1,0,0,0,80.9356,A6,
356269,353,25,23,0,1,0,0,0,88.8714,A2,
356493,313,16,18,0,1,0,0,0,149.458,A1,
357233,214,12,12,0,1,0,0,0,155.758,A1,
357752,286,18,18,0,1,0,0,0,80.5108,A4,
358285,734,40,45,0,1,0,0,0,79.6669,A6,
358870,376,25,21,0,1,0,0,0,77.7545,A3,
359001,1094,75,74,0,3,0,0,0,93.0714,A2,
359132,299,21,18,0,1,0,0,0,150.148,A1,
363079,1434,83,99,0,2,0,0,0,81.8572,A7,
364183,863,43,52,0,1,0,0,0,82.8603,A6,
364669,859,57,52,0,2,0,0,0,81.9025,A6,
364899,585,39,47,0,1,0,0,0,78.009,A4,
368791,915,57,66,0,1,0,0,0,80.295,A6,
369049,1092,67,83,0,1,0,0,0,80.804,A7,
369824,288,18,25,0,1,0,0,0,81.311,A4,
370319,395,34,28,0,1,0,0,0,79.8531,A3,
372454,565,38,40,0,1,0,0,0,79.1728,A4,
374383,416,26,24,0,2,0,0,0,151.278,A0,
375801,184,11,14,0,1,0,0,0,146.204,A0,
376112,602,30,44,0,1,0,0,0,77.8936,A4,
376905,271,10,21,0,1,0,0,0,149.133,A1,
378623,199,13,17,0,2,0,0,0,93.3707,A2,
380960,1274,85,99,0,2,0,0,0,83.2084,A7,
383173,1105,68,79,0,1,0,0,0,80.8919,A7,
383645,360,20,20,0,1,0,0,0,90.4105,A2,
384606,726,40,45,0,2,0,0,0,79.336,A4,
385568,846,53,65,0,1,0,0,0,78.1853,A5,
387873,374,36,29,0,1,0,0,0,77.7693,A3,
387923,368,25,30,0,1,0,0,0,91.2361,A2,
387955,1045,68,74,0,1,0,0,0,80.7409,A7,
387989,387,15,30,0,1,0,0,0,79.8242,A3,
393414,167,11,11,0,1,0,0,0,151.793,A0,
395590,999,52,80,0,1,0,0,0,80.8216,A7,
395824,531,18,39,0,1,0,0,0,77.274,A4,
395921,413,23,24,0,1,0,0,0,90.0865,A2,
396235,329,27,20,0,1,0,0,0,91.3217,A2,
396529,820,44,70,0,1,0,0,0,81.8845,A5,
398740,268,15,24,0,1,0,0,0,147.903,A1,
398995,1089,65,75,0,1,0,0,0,79.473,A7,
400151,966,47,83,0,1,0,0,0,82.347,A6,
402777,365,22,30,0,1,0,0,0,78.98,A3,
402982,280,26,20,0,1,0,0,0,152.804,A1,
404344,299,13,24,0,1,0,0,0,150.155,A1,
404371,170,11,13,0,1,0,0,0,78.3317,A4,
404987,393,14,24,0,1,0,0,0,79.176,A4,
405419,520,27,40,0,1,0,0,0,78.948,A4,
408259,266,14,23,0,1,0,0,0,150.962,A1,
408595,994,65,69,0,1,0,0,0,80.6929,A6,
409029,543,31,35,0,1,0,0,0,77.5332,A4,
409441,979,66,80,0,1,0,0,0,80.4661,A6,
412863,798,52,59,0,1,0,0,0,81.836,A7,
413816,710,49,48,0,1,0,0,0,81.5428,A5,
414897,649,41,51,0,1,0,0,0,80.7302,A4,
416733,995,47,71,0,1,0,0,0,78.8519,A6,
417280,987,62,69,0,1,0,0,0,80.6184,A6,
421893,578,34,51,0,1,0,0,0,79.1877,A4,
427356,117,9,6,0,1,0,0,0,80.3273,A3,
427772,595,32,40,0,1,0,0,0,78.7947,A4,
428362,491,31,38,0,1,0,0,0,82.2247,A6,
431130,1035,60,76,0,1,0,0,0,81.2823,A7,
433391,601,31,42,0,1,0,0,0,77.7413,A4,
435471,447,23,23,0,1,0,0,0,76.3647,A3,
435500,748,34,46,0,1,0,0,0,80.9185,A5,
435946,842,56,69,0,1,0,0,0,80.5274,A5,
439130,127,9,8,0,2,0,0,0,151.307,A1,
440624,801,37,60,0,1,0,0,0,79.7101,A5,
443483,164,11,14,0,1,0,0,0,147.424,A0,
443542,315,8,18,0,1,0,0,0,149.84,A1,
445937,300,20,27,0,1,0,0,0,89.4299,A2,
447829,388,18,36,0,1,0,0,0,79.8163,A3,
447958,1063,53,74,0,1,0,0,0,83.3574,A7,
449580,40,1,3,0,1,0,0,0,146.039,A1,
449752,1080,64,77,0,1,0,0,0,81.2469,A7,
450345,373,17,29,0,1,0,0,0,77.8212,A3,
451021,523,29,42,0,2,0,0,0,78.47,A4,
452894,948,63,67,0,1,0,0,0,82.667,A6,
454346,175,10,11,0,1,0,0,0,148.348,A0,
455405,572,38,45,0,1,0,0,0,77.4814,A4,
455894,1342,86,80,0,3,0,0,0,83.9426,A7,
456540,344,15,27,0,1,0,0,0,90.6823,A2,
457788,303,14,23,0,1,0,0,0,150.792,A1,
458024,777,45,46,0,1,0,0,0,79.9901,A5,
459744,383,21,23,0,1,0,0,0,89.6441,A2,
461767,798,37,51,0,1,0,0,0,81.5879,A5,
464458,1056,71,66,0,3,0,0,0,79.9984,A6,
464541,380,14,27,0,1,0,0,0,79.6528,A3,
464707,755,38,48,0,1,0,0,0,77.108,A5,
466315,1124,75,92,0,1,0,0,0,80.9794,A7,
467816,181,8,13,0,1,0,0,0,151.996,A0,
468105,391,28,28,0,1,0,0,0,90.3207,A2,
470004,633,40,43,0,1,0,0,0,78.5521,A5,
471161,226,12,19,0,1,0,0,0,146.396,A0,
471375,979,51,74,0,1,0,0,0,82.0481,A6,
471574,188,11,16,0,1,0,0,0,80.7391,A5,
472452,931,56,75,0,1,0,0,0,81.2963,A6,
473468,384,23,22,0,1,0,0,0,77.9837,A3,
473544,422,19,26,0,1,0,0,0,77.8446,A3,
475057,443,21,40,0,1,0,0,0,78.6638,A3,
475184,376,24,27,0,1,0,0,0,78.9829,A3,
476136,653,35,62,0,1,0,0,0,152.032,A0,
476509,581,23,44,0,1,0,0,0,79.2002,A4,
477018,1059,62,65,0,2,0,0,0,80.828,A6,
477467,1047,58,62,0,1,0,0,0,82.2727,A7,
481032,634,42,53,0,1,0,0,0,78.1355,A4,
485189,998,42,74,0,1,0,0,0,80.2973,A6,
486192,380,25,16,0,1,0,0,0,89.8535,A2,
486585,1159,57,85,0,1,0,0,0,79.6268,A7,
486652,372,17,22,0,1,0,0,0,80.2413,A3,
486699,171,11,19,0,1,0,0,0,152.107,A0,
487566,556,33,41,0,1,0,0,0,81.0609,A4,
487826,1078,57,81,0,1,0,0,0,83.7155,A7,
489630,1309,70,86,0,2,0,0,0,83.2496,A7,
491302,373,20,26,0,1,0,0,0,91.5114,A2,
494720,238,18,22,0,1,0,0,0,79.2526,A3,
495288,817,48,57,0,1,0,0,0,78.3055,A5,
495336,317,12,21,0,1,0,0,0,147.363,A1,
496303,464,25,27,0,2,0,0,0,78.5267,A4,
496944,504,23,40,0,1,0,0,0,89.1705,A2,
501497,443,16,38,0,1,0,0,0,77.922,A3,
502618,1106,79,68,0,1,0,0,0,80.3883,A7,
504686,381,24,22,0,1,0,0,0,90.444,A2,
504989,391,21,31,0,1,0,0,0,92.9712,A2,
505040,971,59,71,0,2,0,0,0,77.746,A5,
505091,209,10,16,0,1,0,0,0,151.053,A0,
505224,322,17,28,0,1,0,0,0,146.056,A1,
505302,998,46,65,0,2,0,0,0,155.289,A1,
507874,342,29,20,0,2,0,0,0,147.596,A1,
509131,420,20,36,0,1,0,0,0,80.0413,A3,
510597,375,19,18,0,1,0,0,0,78.7326,A3,
510958,359,21,32,0,1,0,0,0,80.1387,A3,
512387,1080,61,73,0,1,0,0,0,79.966,A7,
513347,280,26,17,0,1,0,0,0,149.622,A1,
513775,676,41,46,0,1,0,0,0,77.1085,A4,
518415,592,32,35,0,1,0,0,0,81.0972,A4,
519457,1406,75,103,0,2,0,0,0,83.1173,A7,
519849,921,43,63,0,1,0,0,0,80.3548,A6,
521472,382,24,21,0,1,0,0,0,79.2113,A3,
523866,558,36,47,0,1,0,0,0,77.2948,A4,
524899,125,6,10,0,1,0,0,0,90.0388,A2,
525656,715,31,50,0,2,0,0,0,80.9647,A5,
526585,404,19,23,0,2,0,0,0,90.8093,A2,
526923,575,38,39,0,1,0,0,0,78.3673,A4,
526986,949,66,71,0,1,0,0,0,79.1427,A7,
527705,146,8,16,0,1,0,0,0,79.4571,A4,
532970,1086,54,80,0,1,0,0,0,83.6701,A7,
534099,761,41,74,0,1,0,0,0,80.4462,A5,
537265,1266,73,90,0,2,0,0,0,81.9753,A7,
537633,177,8,16,0,1,0,0,0,147.067,A0,
538367,1054,66,80,0,1,0,0,0,81.2385,A7,
539157,158,8,16,0,1,0,0,0,149.613,A0,
540961,206,14,11,0,1,0,0,0,149.092,A0,
541749,323,19,22,0,1,0,0,0,80.0132,A4,
542254,824,50,53,0,1,0,0,0,81.6082,A5,
542878,1040,57,66,0,2,0,0,0,80.5317,A5,
543413,839,44,52,0,2,0,0,0,153.489,A0,
545209,126,7,8,0,1,0,0,0,80.9882,A5,
545260,286,12,16,0,1,0,0,0,152.465,A1,
549298,347,21,26,0,1,0,0,0,91.285,A2,
549461,631,33,46,0,1,0,0,0,78.5051,A4,
549740,370,14,32,0,1,0,0,0,89.768,A2,
550455,1037,52,74,0,1,0,0,0,80.6858,A6,
552868,661,35,45,0,2,0,0,0,153.501,A1,
554194,943,59,56,0,1,0,0,0,82.6349,A6,
554300,390,17,25,0,1,0,0,0,80.6183,A3,
556130,373,19,23,0,1,0,0,0,79.4212,A3,
556496,386,19,28,0,1,0,0,0,89.6188,A2,
556989,549,33,38,0,1,0,0,0,79.1768,A4,
558058,473,35,41,0,1,0,0,0,77.9265,A4,
558207,1078,59,69,0,1,0,0,0,81.6282,A7,
559802,398,24,31,0,1,0,0,0,76.4506,A3,
560274,381,17,20,0,1,0,0,0,79.9144,A3,
560695,430,30,33,0,1,0,0,0,89.7285,A2,
562937,588,37,52,0,1,0,0,0,77.9499,A4,
563266,388,21,28,0,1,0,0,0,91.4777,A2,
563694,585,29,38,0,1,0,0,0,78.9934,A4,
563795,721,43,50,0,1,0,0,0,81.4204,A5,
564384,436,28,29,0,1,0,0,0,76.8941,A3,
566802,401,13,20,0,1,0,0,0,78.4894,A3,
566941,773,53,53,0,1,0,0,0,77.6822,A5,
567588,547,27,43,0,2,0,0,0,78.8878,A3,
569049,300,18,27,0,1,0,0,0,148.5,A1,
570742,396,20,36,0,1,0,0,0,76.5653,A3,
571047,413,30,30,0,1,0,0,0,90.373,A2,
571952,932,45,68,0,1,0,0,0,82.5277,A6,
573916,462,29,40,0,2,0,0,0,78.2348,A3,
574381,206,7,14,0,1,0,0,0,149.814,A0,
575428,377,26,23,0,1,0,0,0,78.3395,A3,
577424,597,36,40,0,2,0,0,0,92.2277,A2,
580710,362,21,27,0,1,0,0,0,91.763,A2,
581080,1259,74,90,0,2,0,0,0,80.2939,A7,
581166,1052,58,74,0,1,0,0,0,79.4518,A7,
582234,269,19,18,0,1,0,0,0,154.911,A1,
582258,637,34,38,0,1,0,0,0,77.6261,A4,
582777,320,26,14,0,1,0,0,0,91.7468,A2,
583426,1134,56,95,0,2,0,0,0,79.0565,A6,
584980,370,21,23,0,1,0,0,0,90.65,A2,
585439,470,29,34,0,1,0,0,0,76.3553,A3,
585503,749,46,46,0,1,0,0,0,80.0649,A5,
585785,637,34,48,0,1,0,0,0,79.0118,A4,
587735,241,13,14,0,1,0,0,0,149.965,A1,
589424,355,22,31,0,1,0,0,0,90.2866,A2,
590484,523,31,46,0,1,0,0,0,80.6904,A5,
591460,217,10,16,0,1,0,0,0,78.9845,A4,
591724,574,36,39,0,1,0,0,0,79.1331,A4,
592255,1279,97,93,0,2,0,0,0,78.6101,A3,
592609,769,50,58,0,1,0,0,0,77.9081,A5,
592774,795,55,53,0,1,0,0,0,81.6984,A5,
593773,467,20,40,0,3,0,0,0,80.3557,A3,
593956,740,40,53,0,1,0,0,0,80.7584,A5,
595214,957,54,80,0,1,0,0,0,80.7758,A6,
597534,238,18,15,0,2,0,0,0,151.043,A1,
600055,782,48,53,0,1,0,0,0,78.2505,A5,
600259,369,26,23,0,1,0,0,0,89.0181,A2,
600285,217,18,15,0,1,0,0,0,148.111,A0,
600936,703,38,50,0,1,0,0,0,81.8823,A4,
603745,412,22,32,0,1,0,0,0,80.6074,A3,
604198,409,21,30,0,1,0,0,0,76.4103,A3,
606817,400,23,32,0,1,0,0,0,76.7877,A3,
607276,229,15,14,0,1,0,0,0,79.2272,A3,
608762,774,47,54,0,1,0,0,0,78.587,A5,
608943,1038,55,75,0,1,0,0,0,83.7155,A7,
609896,1653,108,112,0,2,0,0,0,83.3037,A7,
611106,1402,80,93,0,2,0,0,0,82.3269,A7,
611527,629,29,46,0,1,0,0,0,79.2304,A4,
612584,379,19,32,0,1,0,0,0,79.5221,A3,
613790,781,41,43,0,2,0,0,0,81.9313,A5,
614669,345,18,19,0,1,0,0,0,79.6534,A3,
615878,372,25,28,0,1,0,0,0,92.6839,A2,
615953,377,18,32,0,1,0,0,0,91.9157,A2,
616097,171,10,10,0,1,0,0,0,147.735,A0,
616257,413,25,26,0,1,0,0,0,79.6909,A3,
617209,356,20,24,0,1,0,0,0,91.0945,A2,
618479,539,24,48,0,1,0,0,0,81.2447,A4,
618687,343,18,25,0,1,0,0,0,79.7017,A4,
618956,747,56,61,0,1,0,0,0,81.0949,A5,
624020,158,9,8,0,1,0,0,0,151.72,A0,
625087,202,10,12,0,1,0,0,0,150.671,A0,
625187,333,24,22,0,1,0,0,0,89.7641,A2,
625274,1278,76,73,0,2,0,0,0,81.281,A5,
627987,328,23,21,0,1,0,0,0,92.5099,A2,
628009,1040,68,70,0,1,0,0,0,81.0427,A7,
629204,633,41,31,0,1,0,0,0,78.6204,A4,
629216,347,18,25,0,1,0,0,0,88.6246,A2,
629366,994,50,67,0,1,0,0,0,83.7849,A7,
629685,362,19,20,0,1,0,0,0,91.0912,A2,
630889,170,12,6,0,1,0,0,0,153.23,A0,
633710,346,30,18,0,1,0,0,0,76.1175,A3,
634110,308,20,17,0,2,0,0,0,151.841,A0,
637049,413,20,32,0,1,0,0,0,77.8597,A3,
638291,986,50,82,0,2,0,0,0,93.3116,A2,
638336,1335,89,107,0,2,0,0,0,82.3373,A7,
639250,549,29,39,0,2,0,0,0,148.037,A1,
639421,1421,92,111,0,3,0,0,0,82.5477,A7,
639611,429,25,25,0,1,0,0,0,76.0219,A3,
639915,392,20,28,0,1,0,0,0,77.0717,A3,
640717,354,24,17,0,1,0,0,0,88.8748,A2,
641416,1053,54,88,0,1,0,0,0,82.4999,A7,
641524,323,17,18,0,1,0,0,0,149.535,A1,
643887,323,18,22,0,1,0,0,0,147.447,A1,
644564,747,41,46,0,1,0,0,0,81.1456,A5,
645343,989,48,85,0,1,0,0,0,78.1619,A6,
646123,190,11,12,0,1,0,0,0,153.711,A0,
646648,368,26,29,0,1,0,0,0,79.7164,A3,
646713,395,22,33,0,1,0,0,0,79.2583,A3,
648645,316,14,13,0,1,0,0,0,93.3839,A2,
649728,441,24,28,0,1,0,0,0,89.6901,A2,
649795,1021,61,70,0,1,0,0,0,79.5952,A7,
650479,774,47,58,0,1,0,0,0,81.5663,A5,
650711,433,25,24,0,1,0,0,0,80.0278,A3,
651440,161,7,14,0,1,0,0,0,149.984,A0,
653093,349,21,16,0,1,0,0,0,90.0541,A2,
654175,373,20,27,0,1,0,0,0,92.6233,A2,
654622,501,32,41,0,1,0,0,0,81.8561,A4,
655016,999,54,74,0,1,0,0,0,83.1182,A7,
655194,413,27,23,0,1,0,0,0,77.2753,A3,
655409,162,7,14,0,1,0,0,0,153.352,A0,
656424,410,31,26,0,1,0,0,0,79.3037,A3,
656638,479,45,28,0,1,0,0,0,76.8166,A3,
659512,430,20,32,0,1,0,0,0,79.8668,A3,
659718,409,20,39,0,1,0,0,0,77.9455,A3,
660367,402,23,25,0,1,0,0,0,77.0199,A3,
662218,427,21,31,0,1,0,0,0,91.1004,A2,
662774,364,22,24,0,1,0,0,0,80.5588,A3,
662861,1642,109,106,0,3,0,0,0,82.3216,A6,
663249,559,27,33,0,1,0,0,0,78.0083,A4,
663273,551,28,40,0,1,0,0,0,78.9473,A4,
663663,387,26,17,0,1,0,0,0,77.3597,A3,
664103,386,23,36,0,1,0,0,0,80.7226,A3,
666750,380,22,31,0,1,0,0,0,89.0894,A2,
667632,1017,51,59,0,2,0,0,0,79.8016,A6,
668309,999,64,54,0,1,0,0,0,81.5589,A6,
668754,359,20,27,0,1,0,0,0,155.742,A1,
668817,587,29,38,0,1,0,0,0,79.5581,A4,
669919,381,24,27,0,1,0,0,0,79.3913,A3,
670078,1031,47,77,0,1,0,0,0,78.5615,A6,
670138,922,67,69,0,1,0,0,0,82.9204,A6,
671027,610,36,44,0,1,0,0,0,79.9443,A4,
671535,1088,50,74,0,2,0,0,0,82.1253,A6,
672003,171,14,15,0,1,0,0,0,147.822,A0,
672755,455,26,33,0,1,0,0,0,78.5765,A3,
674340,443,25,19,0,1,0,0,0,78.6039,A3,
674977,400,15,39,0,1,0,0,0,78.3452,A3,
675961,769,37,62,0,1,0,0,0,79.6484,A5,
676810,190,12,17,0,1,0,0,0,149.503,A0,
677631,583,33,41,0,1,0,0,0,77.2481,A4,
681294,1107,65,85,0,1,0,0,0,79.4711,A7,
681641,317,19,18,0,1,0,0,0,92.8304,A2,
683363,598,41,52,0,1,0,0,0,77.2953,A4,
685668,944,61,72,0,1,0,0,0,80.5613,A6,
686332,305,13,19,0,1,0,0,0,149.089,A1,
686877,963,59,68,0,1,0,0,0,79.7408,A7,
689696,945,51,55,0,3,0,0,0,91.1433,A2,
691561,351,15,20,0,1,0,0,0,88.7408,A2,
692340,144,6,11,0,1,0,0,0,149.984,A0,
692792,195,12,13,0,1,0,0,0,79.6427,A4,
692957,746,40,53,0,1,0,0,0,80.7249,A5,
693604,400,22,18,0,1,0,0,0,90.503,A2,
693697,399,24,34,0,1,0,0,0,79.1728,A3,
694710,973,57,72,0,1,0,0,0,81.2393,A6,
695108,441,27,20,0,1,0,0,0,76.307,A3,
696378,454,33,25,0,1,0,0,0,78.1506,A3,
696431,1043,53,77,0,1,0,0,0,81.3723,A7,
697098,827,59,51,0,1,0,0,0,81.9212,A5,
697099,343,20,27,0,1,0,0,0,80.7395,A3,
697613,372,15,25,0,1,0,0,0,91.7485,A2,
698156,996,61,74,0,2,0,0,0,80.3941,A4,
704663,996,61,78,0,1,0,0,0,82.604,A7,
704727,1131,80,74,0,1,0,0,0,82.0876,A7,
707965,299,20,25,0,1,0,0,0,150.453,A1,
708092,190,7,11,0,1,0,0,0,153.965,A0,
708560,1339,86,92,0,2,0,0,0,79.8542,A7,
708561,1109,78,76,0,1,0,0,0,79.1231,A7,
709819,160,8,16,0,1,0,0,0,152.317,A0,
710223,401,22,21,0,1,0,0,0,76.1345,A3,
710258,1333,59,98,0,2,0,0,0,83.3482,A7,
711915,286,19,25,0,1,0,0,0,151.861,A1,
712005,161,4,15,0,1,0,0,0,151.051,A0,
712107,1048,48,70,0,1,0,0,0,83.8734,A7,
713091,907,46,60,0,2,0,0,0,80.2398,A4,
716340,717,51,58,0,1,0,0,0,78.7854,A5,
716705,791,53,66,0,1,0,0,0,80.554,A5,
716836,1073,59,74,0,2,0,0,0,80.0789,A6,
716897,404,20,23,0,1,0,0,0,152.218,A1,
719423,429,30,28,0,1,0,0,0,90.0446,A2,
722412,117,4,12,0,1,0,0,0,148.077,A0,
724521,417,23,32,0,1,0,0,0,80.9475,A3,
725468,371,24,16,0,1,0,0,0,92.5415,A2,
726564,308,18,26,0,1,0,0,0,148.473,A1,
729720,410,28,34,0,1,0,0,0,76.9703,A3,
730507,1037,59,64,0,1,0,0,0,80.5637,A7,
734253,475,24,28,0,2,0,0,0,89.6088,A2,
735244,190,13,9,0,1,0,0,0,146.529,A0,
738020,1173,71,79,0,3,0,0,0,153.73,A0,
738638,289,21,24,0,1,0,0,0,147.179,A1,
738653,305,16,20,0,1,0,0,0,149.91,A1,
739019,674,44,42,0,2,0,0,0,92.2714,A2,
741632,222,19,18,0,1,0,0,0,77.0201,A3,
745087,1085,50,66,0,1,0,0,0,81.1625,A7,
745358,450,26,33,0,1,0,0,0,79.0199,A3,
745806,391,25,30,0,1,0,0,0,93.3607,A2,
747170,272,12,23,0,1,0,0,0,149.259,A1,
747730,378,22,29,0,1,0,0,0,88.3444,A2,
750227,295,15,24,0,1,0,0,0,148.838,A1,
750316,421,22,28,0,1,0,0,0,78.2712,A5,
751061,1267,71,86,0,2,0,0,0,81.8219,A7,
751209,1096,59,103,0,1,0,0,0,80.0007,A7,
751871,823,50,61,0,1,0,0,0,79.0927,A5,
759299,567,30,47,0,2,0,0,0,77.3428,A4,
761056,327,21,26,0,1,0,0,0,92.4358,A2,
762228,121,3,11,0,1,0,0,0,93.0569,A2,
763710,1015,63,66,0,1,0,0,0,81.629,A6,
764023,612,39,43,0,2,0,0,0,91.5062,A2,
764529,394,17,39,0,1,0,0,0,79.7291,A3,
764840,834,56,49,0,1,0,0,0,77.0214,A5,
765425,382,21,28,0,1,0,0,0,79.1463,A3,
766024,152,10,17,0,1,0,0,0,149.801,A0,
766109,595,33,31,0,1,0,0,0,79.3546,A4,
766646,275,18,19,0,1,0,0,0,153.46,A1,
767845,406,13,34,0,1,0,0,0,76.1199,A3,
769165,377,14,25,0,1,0,0,0,90.6461,A2,
769510,389,19,27,0,1,0,0,0,79.2547,A3,
772709,952,49,69,0,1,0,0,0,79.4196,A6,
772779,370,24,27,0,1,0,0,0,90.0466,A2,
773314,409,17,43,0,1,0,0,0,77.5103,A3,
774434,279,18,10,0,1,0,0,0,93.1745,A2,
774825,887,39,51,0,1,0,0,0,81.9577,A5,
778448,186,6,15,0,1,0,0,0,147.449,A0,
779332,741,42,57,0,1,0,0,0,80.6545,A5,
782089,212,13,17,0,1,0,0,0,146.711,A0,
782635,655,29,57,0,1,0,0,0,81.2977,A4,
783409,848,46,60,0,2,0,0,0,81.1888,A4,
784979,1107,52,85,0,2,0,0,0,81.9041,A6,
785424,1057,50,77,0,1,0,0,0,80.7368,A7,
786038,574,21,48,0,1,0,0,0,78.6398,A4,
786409,610,32,47,0,1,0,0,0,78.4565,A4,
787671,379,19,37,0,1,0,0,0,80.2709,A3,
787964,480,23,37,0,2,0,0,0,89.2147,A2,
790414,443,24,39,0,1,0,0,0,90.6246,A2,
794296,469,26,48,0,1,0,0,0,78.1169,A3,
795231,1067,56,79,0,1,0,0,0,81.478,A7,
795473,2025,107,148,0,3,0,0,0,82.0457,A7,
797829,374,24,18,0,1,0,0,0,80.8614,A3,
798775,1150,70,104,0,2,0,0,0,79.97,A4,
799808,635,34,35,0,1,0,0,0,79.3733,A4,
802270,212,15,16,0,1,0,0,0,148.736,A0,
803725,403,16,27,0,1,0,0,0,76.0091,A3,
804985,612,27,53,0,1,0,0,0,79.9094,A4,
809734,417,28,26,0,1,0,0,0,76.322,A3,
811607,366,16,27,0,1,0,0,0,91.9728,A2,
812813,1564,96,109,0,2,0,0,0,82.4404,A7,
813032,344,19,19,0,1,0,0,0,92.851,A2,
813267,155,4,11,0,1,0,0,0,149.11,A0,
815212,319,13,24,0,1,0,0,0,148.166,A1,
816057,254,13,20,0,1,0,0,0,152.82,A0,
817239,391,23,29,0,1,0,0,0,90.2672,A2,
817501,399,20,22,0,1,0,0,0,88.7778,A2,
817537,612,36,49,0,2,0,0,0,78.8662,A3,
819061,1120,74,89,0,1,0,0,0,82.5412,A7,
819593,967,50,87,0,1,0,0,0,81.7522,A6,
819686,1126,70,72,0,1,0,0,0,79.6969,A3,
821887,971,57,65,0,1,0,0,0,79.7676,A6,
822042,441,16,27,0,1,0,0,0,78.2197,A5,
824148,1235,72,90,0,2,0,0,0,151.828,A1,
824955,1015,49,83,0,1,0,0,0,78.6763,A6,
826126,368,28,34,0,1,0,0,0,91.3415,A2,
827446,426,32,27,0,1,0,0,0,79.2615,A3,
827466,404,18,25,0,1,0,0,0,79.0465,A3,
827919,804,47,62,0,1,0,0,0,82.184,A6,
828276,1095,44,75,0,1,0,0,0,80.2821,A7,
828358,771,30,53,0,1,0,0,0,78.4125,A5,
828668,1054,65,75,0,1,0,0,0,82.4649,A7,
832305,416,27,28,0,1,0,0,0,79.5583,A3,
833849,433,38,24,0,1,0,0,0,76.0234,A3,
835093,366,20,21,0,1,0,0,0,91.2831,A2,
835896,986,54,66,0,1,0,0,0,82.8994,A7,
836487,787,40,53,0,1,0,0,0,78.4764,A5,
836768,584,28,42,0,1,0,0,0,80.249,A4,
836916,1116,69,84,0,1,0,0,0,83.855,A7,
838013,760,49,58,0,2,0,0,0,79.6438,A3,
838501,1112,59,63,0,1,0,0,0,80.3239,A6,
840355,386,19,31,0,1,0,0,0,76.6636,A3,
840470,1077,63,75,0,1,0,0,0,79.021,A7,
840590,321,17,34,0,2,0,0,0,78.6075,A3,
843892,989,55,68,0,1,0,0,0,79.9408,A6,
846447,400,28,34,0,1,0,0,0,89.8909,A2,
849800,612,31,38,0,1,0,0,0,79.909,A4,
852353,318,20,24,0,1,0,0,0,148.496,A1,
852892,980,48,77,0,2,0,0,0,82.7785,A6,
853158,949,52,77,0,1,0,0,0,82.8359,A6,
855984,315,18,20,0,1,0,0,0,151.4,A1,
856246,1263,68,90,0,2,0,0,0,81.3655,A7,
856826,1030,59,86,0,1,0,0,0,81.632,A7,
857417,405,19,34,0,1,0,0,0,89.7465,A2,
857753,265,15,18,0,1,0,0,0,151.713,A1,
858506,859,46,65,0,2,0,0,0,77.9926,A5,
861141,648,29,56,0,1,0,0,0,77.5938,A4,
861334,396,16,17,0,1,0,0,0,77.7428,A3,
861535,1092,58,81,0,1,0,0,0,80.3388,A7,
861891,461,25,36,0,1,0,0,0,77.353,A3,
866635,471,28,30,0,1,0,0,0,88.0912,A2,
867992,1072,53,90,0,1,0,0,0,81.1928,A7,
868867,587,36,46,0,1,0,0,0,77.666,A4,
869973,403,25,26,0,1,0,0,0,78.043,A3,
870870,597,36,48,0,1,0,0,0,79.7258,A4,
873760,1196,71,94,0,2,0,0,0,80.2449,A4,
874666,998,73,88,0,1,0,0,0,82.2158,A6,
875274,325,17,17,0,1,0,0,0,147.055,A1,
875560,281,17,23,0,1,0,0,0,150.993,A1,
876741,674,37,57,0,1,0,0,0,77.8996,A4,
878663,1134,50,78,0,1,0,0,0,80.3014,A7,
880453,427,27,41,0,1,0,0,0,80.318,A3,
883707,357,26,24,0,1,0,0,0,90.1592,A2,
884349,274,20,20,0,1,0,0,0,147.452,A1,
885062,1622,94,101,0,2,0,0,0,80.4941,A5,
888049,208,10,12,0,1,0,0,0,146.416,A0,
888807,1089,51,78,0,1,0,0,0,82.8772,A7,
888899,776,51,61,0,1,0,0,0,78.5727,A5,
891573,272,19,15,0,1,0,0,0,152.753,A1,
892033,326,26,24,0,1,0,0,0,152.363,A1,
894719,930,62,68,0,2,0,0,0,90.1293,A2,
896562,324,10,24,0,1,0,0,0,80.1443,A3,
896576,305,16,17,0,1,0,0,0,79.5463,A5,
896870,176,10,12,0,1,0,0,0,150.534,A0,
897126,288,23,18,0,1,0,0,0,153.985,A1,
897650,1133,63,85,0,1,0,0,0,79.0892,A7,
898744,390,23,31,0,1,0,0,0,77.3881,A3,
899280,1602,86,111,0,3,0,0,0,82.5989,A6,
901796,1127,61,89,0,1,0,0,0,79.1355,A7,
902882,343,16,31,0,1,0,0,0,149.615,A1,
904470,404,26,21,0,1,0,0,0,79.2363,A3,
905352,1425,80,127,0,2,0,0,0,82.6576,A7,
908611,386,20,27,0,1,0,0,0,78.7764,A3,
909064,757,43,55,0,1,0,0,0,77.0243,A5,
911106,1106,57,97,0,1,0,0,0,80.7549,A7,
911587,285,18,10,0,1,0,0,0,91.6743,A2,
912794,365,30,16,0,1,0,0,0,77.2145,A3,
914490,374,25,21,0,1,0,0,0,92.9746,A2,
915379,998,51,67,0,1,0,0,0,79.8937,A6,
915936,1791,100,141,0,2,0,0,0,81.2891,A7,
916032,583,29,58,0,1,0,0,0,78.611,A4,
916340,845,53,52,0,2,0,0,0,80.3826,A5,
917667,1221,83,84,0,1,0,0,0,80.7728,A7,
918188,745,48,52,0,3,0,0,0,80.6984,A5,
921398,570,32,38,0,1,0,0,0,79.0059,A4,
921942,275,18,20,0,1,0,0,0,155.313,A1,
926420,325,21,30,0,1,0,0,0,89.8573,A2,
927033,320,20,18,0,1,0,0,0,93.4117,A2,
927590,268,11,29,0,1,0,0,0,148.113,A0,
928754,878,39,71,0,2,0,0,0,152.846,A1,
929286,329,19,25,0,1,0,0,0,92.2653,A2,
929379,954,49,60,0,2,0,0,0,80.5891,A5,
929889,453,24,31,0,1,0,0,0,79.5497,A3,
931235,302,16,26,0,1,0,0,0,155.254,A1,
934182,745,35,53,0,1,0,0,0,78.7163,A6,
934487,794,52,52,0,1,0,0,0,77.6679,A5,
936835,183,14,16,0,1,0,0,0,152.646,A0,
937253,772,41,66,0,1,0,0,0,78.7634,A5,
938301,1014,39,77,0,1,0,0,0,82.3173,A7,
938384,177,2,11,0,1,0,0,0,150.741,A0,
938513,1117,68,86,0,1,0,0,0,79.3774,A6,
939059,176,7,17,0,1,0,0,0,149.506,A0,
939181,1059,53,74,0,1,0,0,0,80.8655,A6,
939494,991,57,82,0,1,0,0,0,78.4679,A6,
940600,331,18,24,0,1,0,0,0,91.0902,A2,
940740,365,17,32,0,1,0,0,0,90.7092,A2,
943791,314,21,24,0,1,0,0,0,92.0289,A2,
944470,171,14,10,0,1,0,0,0,149.693,A0,
945451,275,16,15,0,1,0,0,0,152.02,A1,
947160,962,48,84,0,2,0,0,0,77.9628,A5,
947732,397,18,27,0,1,0,0,0,80.9264,A3,
948464,356,25,21,0,1,0,0,0,80.6802,A3,
948533,1068,64,81,0,1,0,0,0,81.3516,A7,
949177,1125,66,80,0,1,0,0,0,81.3352,A7,
951643,300,16,22,0,1,0,0,0,147.896,A1,
952020,75,3,7,0,1,0,0,0,78.3419,A3,
952972,1133,70,78,0,1,0,0,0,80.1907,A7,
959493,985,54,62,0,1,0,0,0,79.4,A6,
961681,1122,56,93,0,2,0,0,0,80.8237,A6,
962490,368,22,35,0,1,0,0,0,80.6992,A5,
963306,389,22,24,0,1,0,0,0,89.5639,A2,
963529,371,19,32,0,2,0,0,0,153.93,A0,
964108,220,13,20,0,1,0,0,0,151.315,A1,
964160,258,16,15,0,2,0,0,0,152.586,A1,
964523,1079,68,78,0,1,0,0,0,80.8482,A7,
964825,495,20,47,0,1,0,0,0,76.8755,A3,
965644,1075,57,69,0,1,0,0,0,79.8947,A7,
967915,291,15,13,0,1,0,0,0,91.2353,A2,
968743,1010,62,75,0,1,0,0,0,81.8913,A7,
969060,1066,73,80,0,1,0,0,0,83.2362,A7,
969599,199,12,20,0,1,0,0,0,149.58,A0,
970659,1262,69,107,0,2,0,0,0,80.8452,A7,
971713,1084,56,73,0,1,0,0,0,79.2571,A7,
972513,206,18,14,0,1,0,0,0,149.047,A0,
972893,395,20,29,0,1,0,0,0,78.9984,A3,
973704,1280,73,92,0,2,0,0,0,82.1336,A7,
974770,371,19,34,0,1,0,0,0,88.1627,A2,
977573,203,12,13,0,1,0,0,0,93.2176,A2,
978652,538,24,36,0,1,0,0,0,79.934,A4,
978869,1093,70,87,0,2,0,0,0,81.7025,A7,
979349,329,16,25,0,2,0,0,0,76.3427,A3,
981633,795,48,49,0,1,0,0,0,77.8937,A5,
981895,326,9,30,0,1,0,0,0,151.462,A1,
983345,345,26,26,0,2,0,0,0,79.8128,A3,
983903,348,26,27,0,1,0,0,0,90.3534,A2,
984030,399,22,22,0,1,0,0,0,93.0176,A2,
984464,173,8,11,0,1,0,0,0,149.882,A0,
984601,347,16,25,0,1,0,0,0,80.4296,A3,
984661,844,44,78,0,2,0,0,0,80.8469,A5,
985537,616,37,34,0,1,0,0,0,77.1577,A4,
986326,279,13,16,0,1,0,0,0,149.427,A1,
986613,359,15,23,0,1,0,0,0,90.306,A2,
988061,656,50,49,0,1,0,0,0,78.423,A4,
989193,604,39,37,0,1,0,0,0,80.662,A4,
990655,552,33,37,0,1,0,0,0,78.7405,A4,
991109,335,24,20,0,1,0,0,0,90.4524,A2,
991628,574,32,46,0,1,0,0,0,80.4027,A4,
992634,962,46,61,0,1,0,0,0,80.7717,A6,
993725,1037,60,83,0,1,0,0,0,80.8323,A7,
994034,770,42,62,0,1,0,0,0,79.7365,A5,
995159,175,8,18,0,1,0,0,0,80.6611,A4,
998810,1087,65,86,0,1,0,0,0,79.0223,A7,
999479,544,23,38,0,1,0,0,0,81.4026,A4,
999780,791,46,57,0,1,0,0,0,79.6725,A5,
999823,1261,74,96,0,2,0,0,0,81.1522,A7,
1000461,167,12,12,0,1,0,0,0,151.335,A0,
1001263,1339,64,98,0,3,0,0,0,79.6558,A7,
1001976,274,17,22,0,1,0,0,0,80.3753,A5,
1005687,546,27,37,0,1,0,0,0,77.2699,A4,
1005792,1218,71,91,0,2,0,0,0,80.6186,A3,
1006247,1188,61,81,0,1,0,0,0,82.6362,A6,
1006748,170,13,12,0,1,0,0,0,150.258,A0,
1010982,940,38,66,0,1,0,0,0,80.8857,A6,
1011202,322,16,21,0,1,0,0,0,147.265,A1,
1012100,1091,76,78,0,1,0,0,0,82.1727,A7,
1012274,320,19,27,0,1,0,0,0,149.28,A1,
1012553,1019,39,80,0,1,0,0,0,81.5473,A7,
1015267,1139,67,86,0,1,0,0,0,79.0794,A7,
1015588,203,13,12,0,1,0,0,0,148.286,A0,
1015677,444,31,35,0,1,0,0,0,77.1862,A3,
1016105,192,14,12,0,1,0,0,0,151.123,A0,
1019636,567,31,38,0,1,0,0,0,81.4826,A4,
1021560,330,18,15,0,1,0,0,0,88.3597,A2,
1022487,384,19,27,0,1,0,0,0,89.2259,A2,
1024568,597,32,53,0,1,0,0,0,77.9745,A4,
1025452,209,9,17,0,1,0,0,0,148.636,A0,
1026144,310,24,17,0,1,0,0,0,146.321,A1,
1027466,283,16,18,0,1,0,0,0,153.767,A1,
1029026,1062,46,71,0,1,0,0,0,83.4114,A7,
1029068,335,23,25,0,1,0,0,0,90.7438,A2,
1030028,352,18,24,0,1,0,0,0,79.9561,A3,
1030699,339,26,30,0,1,0,0,0,90.71,A2,
1030930,1009,67,81,0,1,0,0,0,80.2478,A6,
1032983,1087,72,93,0,1,0,0,0,79.8736,A7,
1035299,339,21,24,0,1,0,0,0,88.7164,A2,
1035425,674,36,55,0,2,0,0,0,79.1967,A3,
1035439,390,27,35,0,1,0,0,0,89.6689,A2,
1035509,559,44,46,0,1,0,0,0,78.5717,A4,
1035654,406,17,32,0,1,0,0,0,78.1181,A3,
1035742,1140,65,86,0,2,0,0,0,82.4999,A7,
1035902,1084,74,77,0,1,0,0,0,82.1355,A7,
1036507,579,37,48,0,1,0,0,0,78.3264,A4,
1037095,561,33,32,0,1,0,0,0,80.4159,A4,
1037176,975,57,80,0,1,0,0,0,79.3257,A6,
1037499,343,21,19,0,1,0,0,0,91.9571,A2,
1037694,167,8,17,0,1,0,0,0,150.723,A0,
1037800,763,40,50,0,1,0,0,0,81.4163,A5,
1040613,328,13,17,0,1,0,0,0,89.9778,A2,
1042828,1080,66,80,0,1,0,0,0,81.8993,A7,
1044394,1040,50,93,0,1,0,0,0,79.3626,A7,
1046147,445,25,34,0,1,0,0,0,76.0366,A3,
1048864,181,5,14,0,1,0,0,0,151.672,A0,
1050442,580,38,38,0,2,0,0,0,78.2821,A3,
1052045,130,9,9,0,1,0,0,0,147.758,A1,
1053487,373,21,24,0,1,0,0,0,91.4336,A2,
1053514,408,25,41,0,1,0,0,0,77.9548,A3,
1054365,1094,54,88,0,2,0,0,0,79.2219,A5,
1055804,821,41,56,0,1,0,0,0,77.7791,A5,
1056229,45,3,4,0,1,0,0,0,77.8597,A3,
1056608,564,29,42,0,1,0,0,0,81.6375,A4,
1057710,357,12,36,0,1,0,0,0,91.3731,A2,
1057918,1485,85,100,0,2,0,0,0,82.3697,A6,
1058183,254,15,17,0,1,0,0,0,151.66,A1,
1058209,1025,63,90,0,1,0,0,0,83.3135,A7,
1059220,1053,50,89,0,1,0,0,0,79.9379,A7,
1059995,912,46,56,0,1,0,0,0,81.4273,A6,
1061236,378,19,24,0,1,0,0,0,90.7244,A2,
1062328,605,35,36,0,1,0,0,0,77.572,A4,
1063246,437,22,31,0,1,0,0,0,76.8083,A3,
1063508,1013,54,71,0,1,0,0,0,89.3427,A2,
1064131,922,58,65,0,1,0,0,0,80.3062,A6,
1065178,1044,59,71,0,1,0,0,0,81.4206,A7,
1065774,239,10,18,0,1,0,0,0,80.0631,A3,
1066937,1009,66,76,0,1,0,0,0,81.9877,A7,
1067253,679,36,52,0,1,0,0,0,81.9584,A6,
1068137,376,20,29,0,1,0,0,0,78.1355,A3,
1068642,190,14,11,0,1,0,0,0,149,A0,
1068757,319,14,28,0,1,0,0,0,91.8188,A2,
1070847,127,6,6,0,1,0,0,0,153.156,A0,
1070971,345,16,22,0,1,0,0,0,91.7186,A2,
1071257,169,11,10,0,1,0,0,0,79.1298,A4,
1073822,1091,65,84,0,1,0,0,0,80.9254,A7,
1074303,163,8,11,0,1,0,0,0,153.725,A0,
1074640,433,30,33,0,1,0,0,0,80.8358,A3,
1074997,648,33,49,0,1,0,0,0,88.7135,A2,
1075946,388,15,34,0,1,0,0,0,78.25,A3,
1076590,790,32,59,0,1,0,0,0,80.1878,A5,
1076816,892,46,56,0,1,0,0,0,81.7591,A6,
1079734,565,39,45,0,1,0,0,0,79.3643,A4,
1079949,1190,80,74,0,2,0,0,0,80.5304,A5,
1082977,811,38,62,0,1,0,0,0,80.4484,A5,
1083135,959,62,73,0,1,0,0,0,78.9342,A6,
1083822,822,47,62,0,1,0,0,0,78.2051,A5,
1084154,918,50,64,0,1,0,0,0,81.6782,A6,
1084775,459,30,37,0,1,0,0,0,77.8565,A3,
1084820,152,7,17,0,1,0,0,0,148.805,A0,
1085799,1088,63,83,0,1,0,0,0,81.9999,A7,
1086091,1061,54,83,0,1,0,0,0,81.7621,A7,
1087136,344,12,19,0,1,0,0,0,90.9806,A2,
1087272,175,7,6,0,1,0,0,0,152.21,A0,
1088406,1045,67,72,0,2,0,0,0,81.7904,A6,
1088463,358,20,23,0,1,0,0,0,77.3898,A3,
1089222,1634,75,99,0,2,0,0,0,81.8808,A6,
1090812,376,26,27,0,1,0,0,0,78.3797,A3,
1092231,140,5,5,0,1,0,0,0,154.512,A1,
1092469,345,27,27,0,1,0,0,0,79.1239,A3,
1094345,569,43,44,0,1,0,0,0,78.2656,A4,
1094877,542,26,37,0,2,0,0,0,153.229,A1,
1095754,1245,61,91,0,2,0,0,0,82.5737,A7,
1095842,363,15,30,0,1,0,0,0,89.8762,A2,
1095862,874,48,65,0,2,0,0,0,92.8788,A2,
1101577,904,40,76,0,1,0,0,0,79.659,A6,
1101985,789,41,51,0,1,0,0,0,80.2394,A5,
1102306,351,22,23,0,1,0,0,0,89.6847,A2,
1102940,152,7,10,0,1,0,0,0,148.003,A0,
1104264,261,10,22,0,1,0,0,0,79.7389,A3,
1105622,1666,81,123,0,2,0,0,0,81.9764,A6,
1107406,1011,65,71,0,1,0,0,0,81.9186,A6,
1107424,367,20,36,0,2,0,0,0,92.0902,A2,
1108447,1148,72,82,0,1,0,0,0,79.3696,A7,
1109865,362,15,20,0,1,0,0,0,79.0764,A3,
1109949,150,3,14,0,1,0,0,0,151.608,A0,
1111403,192,13,12,0,1,0,0,0,146.991,A0,
1112279,345,21,20,0,1,0,0,0,92.5631,A2,
1112510,675,40,51,0,2,0,0,0,148.346,A1,
1113200,1096,70,75,0,1,0,0,0,79.9966,A7,
1113924,607,34,30,0,1,0,0,0,78.7509,A5,
1115294,802,39,74,0,1,0,0,0,81.9022,A5,
1115892,944,48,72,0,1,0,0,0,82.1518,A6,
1116551,315,16,22,0,1,0,0,0,91.4547,A2,
1117397,1625,86,130,0,2,0,0,0,82.3695,A7,
1118039,1641,87,139,0,2,0,0,0,81.844,A5,
1118490,1019,65,57,0,1,0,0,0,79.3143,A6,
1119192,364,21,26,0,1,0,0,0,89.6979,A2,
1120947,223,13,13,0,1,0,0,0,93.3145,A2,
1121633,789,46,75,0,1,0,0,0,79.0251,A5,
1122125,1033,58,76,0,2,0,0,0,90.5581,A2,
1124248,1065,68,74,0,1,0,0,0,79.8985,A7,
1124855,193,13,12,0,1,0,0,0,153.184,A0,
1126455,1111,54,95,0,1,0,0,0,79.9325,A7,
1127379,741,42,52,0,1,0,0,0,83.9575,A7,
1129507,740,34,68,0,2,0,0,0,89.82,A2,
1131156,891,46,57,0,1,0,0,0,82.014,A6,
1132335,633,22,40,0,2,0,0,0,147.44,A1,
1132997,316,19,29,0,1,0,0,0,151.071,A1,
1133965,377,21,28,0,1,0,0,0,76.6802,A3,
1135414,361,15,29,0,1,0,0,0,91.5668,A2,
1137014,963,50,72,0,1,0,0,0,80.6025,A6,
1138148,609,40,45,0,1,0,0,0,80.8116,A4,
1138498,813,46,60,0,1,0,0,0,80.5009,A5,
1139182,1104,61,84,0,1,0,0,0,81.5573,A7,
1140522,394,19,32,0,1,0,0,0,89.634,A2,
1140674,272,16,29,0,1,0,0,0,153.061,A1,
1142864,1042,70,78,0,1,0,0,0,82.5805,A7,
1143374,363,26,27,0,1,0,0,0,79.6641,A3,
1144838,1292,69,103,0,2,0,0,0,82.0916,A7,
1145084,396,21,32,0,1,0,0,0,76.7643,A3,
1146050,464,32,27,0,1,0,0,0,76.1956,A3,
1146208,375,18,27,0,1,0,0,0,78.3853,A3,
1146252,348,15,26,0,1,0,0,0,92.1919,A2,
1147238,309,16,24,0,1,0,0,0,90.2045,A2,
1147842,407,26,35,0,1,0,0,0,89.1885,A2,
1148956,182,14,19,0,1,0,0,0,151.586,A0,
1149188,37,1,4,0,1,0,0,0,81.464,A5,
1149339,418,20,28,0,1,0,0,0,77.1582,A3,
