eventID,energy,recoilAngle,neutronAngle,
268,32.0656,0.67059,0.809675,
329,40.1925,0.666464,0.918122,
828,154.744,0.175394,2.67863,
1014,73.9004,0.607629,1.3794,
1999,51.2393,0.674307,1.11553,
2131,102.897,0.484396,1.75108,
2792,131.59,0.352959,2.16038,
3122,58.4761,0.665286,1.16194,
3295,29.1135,0.666877,0.76347,
3725,138.957,0.288393,2.33783,
3876,96.5504,0.533041,1.68112,
4091,20.3924,0.642673,0.54345,
4383,56.4437,0.673496,1.13646,
5919,125.414,0.39121,2.05408,
6833,94.9204,0.516571,1.70708,
7518,157.153,0.137864,2.74042,
7748,105.544,0.473091,1.81383,
8563,39.889,0.699153,0.908679,
8645,25.5149,0.685293,0.646245,
8677,45.0027,0.664485,1.02428,
9699,156.823,0.156334,2.7172,
9734,30.2865,0.677002,0.785593,
10731,122.082,0.372483,2.08692,
11729,151.044,0.153124,2.72451,
12117,84.4688,0.544421,1.54451,
12289,109.74,0.479509,1.83407,
12388,109.317,0.144847,2.54525,
12489,13.8376,0.524374,0.406922,
12845,75.6432,0.597537,1.39627,
13012,9.48387,0.215031,0.126896,
13017,85.8473,0.579634,1.52905,
13184,49.9771,0.679347,1.08746,
13479,155.092,0.17619,2.6962,
13709,50.0876,0.650677,1.05257,
13777,16.9113,0.634486,0.491943,
13981,23.3401,0.679488,0.632204,
14066,135.558,0.341101,2.21327,
16405,86.845,0.258811,1.97153,
16513,17.5421,0.597791,0.50973,
16975,108.086,0.445233,1.89261,
17787,36.1072,0.687495,0.851863,
17882,82.8619,0.291472,1.83577,
18075,148.091,0.232923,2.48791,
18695,104.286,0.500724,1.79028,
18889,14.2349,0.484807,0.356406,
18952,47.819,0.689147,1.05834,
19725,20.3205,0.627612,0.580849,
20630,135.264,0.292342,2.31407,
21062,87.0727,0.56129,1.54748,
22180,140.109,0.274101,2.36274,
22317,116.658,0.430856,1.95694,
22740,64.1712,0.653252,1.26315,
24105,74.9743,0.611428,1.41016,
24307,91.9933,0.534339,1.64347,
24713,55.0122,0.651402,1.14356,
25213,26.6535,0.672458,0.658451,
25697,36.1105,0.702663,0.871351,
25952,126.501,0.367777,2.10994,
26007,99.0639,0.524284,1.71703,
27030,147.937,0.259677,2.45621,
27369,19.1252,0.620228,0.54131,
27519,136.861,0.278754,2.3825,
27700,52.7215,0.683971,1.09282,
28103,42.9887,0.663943,0.977281,
30968,115.366,0.42465,1.96675,
30983,86.1011,0.572934,1.55462,
31291,59.2573,0.630767,1.21582,
31999,155.797,0.152078,2.71058,
32346,147.786,0.209414,2.56695,
32934,103.343,0.145957,2.51185,
33123,157.633,0.119448,2.83225,
33485,78.0919,0.566158,1.45645,
33866,84.8704,0.569958,1.52549,
33998,20.6281,0.658934,0.570047,
34289,101.119,0.18112,2.43277,
34461,137.283,0.299841,2.35897,
34568,95.1502,0.528101,1.69957,
35147,32.6173,0.699181,0.770603,
36074,92.8786,0.239096,2.04315,
36122,128.534,0.347639,2.2093,
36539,88.237,0.535883,1.60115,
37048,153.101,0.186363,2.61684,
37276,61.0728,0.660225,1.22511,
37464,28.8174,0.683253,0.713168,
37773,82.4621,0.561699,1.48813,
38023,81.5014,0.590086,1.45987,
38561,69.2746,0.635064,1.30913,
38787,81.0754,0.593058,1.49336,
39488,77.0536,0.595824,1.40154,
39522,41.2148,0.672121,0.908857,
40191,9.50438,0.238847,0.174057,
40663,150.449,0.224586,2.54206,
40729,152.879,0.192316,2.64247,
41083,91.9269,0.520554,1.6429,
41955,111.703,0.437489,1.91282,
42374,25.1684,0.685709,0.652975,
42462,57.1734,0.655622,1.19064,
43607,80.6296,0.57611,1.46836,
43825,115.932,0.413515,1.99783,
44148,159.765,0.055374,3.0066,
44655,106.656,0.488008,1.81684,
45459,120.703,0.426972,1.99857,
45564,92.0656,0.550107,1.60678,
45927,124.512,0.39548,2.09885,
46110,103.891,0.499007,1.74856,
46507,59.659,0.65704,1.22637,
46597,30.6838,0.67269,0.753026,
47325,106.503,0.460433,1.87235,
48492,119.068,0.423164,1.98431,
49044,23.7081,0.638289,0.636998,
50262,62.1289,0.648714,1.22272,
50431,21.36,0.676266,0.572314,
50585,117.626,0.417895,1.96635,
52630,75.5248,0.582795,1.41066,
52749,112.137,0.456207,1.86167,
52926,61.5066,0.640891,1.2006,
52946,78.1087,0.581418,1.42909,
53133,135.311,0.318342,2.30436,
53258,160.056,0.1254,2.82583,
53335,126.756,0.375378,2.14866,
53407,97.7095,0.5139,1.73782,
54042,10.3502,0.372597,0.199692,
54307,103.507,0.499757,1.7574,
54410,104.922,0.129848,2.53576,
54478,57.6442,0.646816,1.15668,
54671,118.359,0.40804,2.01311,
55488,46.4843,0.677157,1.03142,
56678,105.778,0.461745,1.8418,
57343,36.5943,0.658829,0.874725,
57947,43.0125,0.672586,0.93602,
58086,69.8419,0.612352,1.37486,
58289,160.408,0.0270228,3.06506,
59420,28.1669,0.689223,0.707205,
61217,109.785,0.445476,1.92398,
61826,113.307,0.452153,1.8911,
62197,154.232,0.149456,2.72049,
62313,95.8789,0.50254,1.68141,
62457,76.4874,0.6025,1.39131,
62830,113.856,0.446528,1.89218,
63262,95.638,0.512033,1.66727,
64508,96.6426,0.504068,1.68076,
66710,47.233,0.658927,1.01294,
67028,97.1741,0.519404,1.69364,
67103,108.42,0.454146,1.89101,
67389,32.6967,0.678317,0.794289,
67707,15.5456,0.612239,0.434824,
68042,29.0021,0.660413,0.753583,
69544,38.86,0.709286,0.887606,
69720,50.5194,0.683472,1.08239,
70860,40.7684,0.374644,0.842112,
73313,93.3674,0.547186,1.64593,
73415,42.9776,0.693979,0.967514,
73442,108.338,0.481323,1.81606,
74094,20.1199,0.621958,0.513286,
74488,60.0566,0.639318,1.2343,
75102,40.7129,0.693596,0.93167,
75127,37.3357,0.662682,0.857516,
75720,9.89069,0.25975,0.159224,
75867,11.9895,0.524611,0.336027,
76167,21.6514,0.62811,0.550778,
77687,29.8882,0.659728,0.722627,
77917,78.5315,0.311521,1.77256,
77945,48.6745,0.650725,1.06788,
78216,63.157,0.615782,1.24695,
80273,149.63,0.160411,2.6919,
81613,31.5486,0.687455,0.807982,
81698,43.3872,0.703629,0.957966,
82860,87.079,0.574029,1.55225,
82902,131.568,0.335513,2.25639,
83316,10.2562,0.410578,0.275986,
85299,57.4211,0.663827,1.14868,
85386,114.962,0.413852,1.95719,
85391,74.4643,0.615669,1.41118,
85593,57.9539,0.632589,1.16662,
86383,39.7689,0.667396,0.924023,
86446,36.7216,0.676107,0.838199,
86927,113.012,0.431042,1.91286,
88122,29.7537,0.281133,0.542705,
88706,145.321,0.226123,2.4939,
88939,98.0131,0.528693,1.67752,
90856,59.454,0.655209,1.22556,
91244,19.1489,0.59644,0.543957,
91932,149.201,0.23072,2.497,
92238,95.8609,0.499217,1.71487,
92252,114.281,0.43217,1.95159,
93600,43.455,0.654353,0.973118,
94184,37.4306,0.660133,0.891778,
94994,111.145,0.462985,1.90433,
95244,57.1679,0.667361,1.1656,
95248,53.7943,0.349289,1.17156,
95351,127.814,0.370398,2.12243,
95373,37.6108,0.705373,0.902677,
95505,27.2471,0.676303,0.722066,
95583,102.91,0.507728,1.76927,
97353,37.956,0.676003,0.899783,
97559,67.221,0.619357,1.34142,
97659,81.0187,0.563095,1.49148,
98485,32.0218,0.67515,0.753933,
98569,95.5504,0.514127,1.67475,
99174,100.292,0.494902,1.75856,
99177,101.788,0.483051,1.80993,
99277,113.214,0.429551,1.95751,
99714,21.1679,0.677989,0.585598,
100643,70.0429,0.630802,1.34804,
100649,13.8052,0.491341,0.344752,
101037,135.058,0.309875,2.30302,
101549,104.983,0.164936,2.45913,
102393,28.3536,0.652942,0.720754,
103193,44.4132,0.686125,0.956716,
103381,114.044,0.439032,1.96401,
103715,152.721,0.146077,2.715,
103739,135.699,0.288923,2.35895,
103809,61.6925,0.620453,1.2248,
104196,83.0988,0.580151,1.53339,
104381,32.2868,0.655019,0.798687,
104855,91.7172,0.263651,2.03885,
104877,54.601,0.383847,1.15717,
105063,66.9438,0.334188,1.46411,
107711,127.505,0.34968,2.14775,
107968,115.12,0.449556,1.90229,
109092,107.234,0.455127,1.86965,
109329,110.303,0.433415,1.9038,
109503,153.469,0.114004,2.80897,
109544,123.761,0.342577,2.1983,
109650,52.0648,0.668711,1.13089,
109670,30.0903,0.642077,0.807156,
109906,114.27,0.420551,1.93687,
110399,147.639,0.251347,2.44777,
110961,70.6451,0.598926,1.34569,
111497,50.7984,0.661634,1.05432,
112165,24.7179,0.687676,0.645952,
112431,152.882,0.170703,2.69983,
113928,41.1787,0.669701,0.910065,
114564,59.4098,0.365597,1.24921,
114762,88.1533,0.570907,1.55875,
114856,23.6866,0.674196,0.630701,
115721,121.108,0.390479,2.06281,
116132,92.9561,0.512595,1.64727,
116219,37.5171,0.316088,0.752129,
116359,16.078,0.592645,0.456389,
118096,62.6328,0.646697,1.22459,
118544,113.494,0.42178,1.96601,
119920,40.6759,0.677691,0.901605,
121696,62.1981,0.627536,1.22055,
122264,149.963,0.210641,2.60909,
123403,67.9403,0.603829,1.34118,
123500,62.3384,0.619813,1.23556,
123818,81.7212,0.593807,1.49078,
123955,9.97694,0.397836,0.256134,
124542,48.4946,0.650706,1.03492,
125338,90.4085,0.519145,1.64434,
125349,108.951,0.465132,1.85907,
125421,48.1724,0.686544,1.03054,
126352,50.0509,0.682625,1.07189,
128275,64.1226,0.616624,1.25021,
128974,21.765,0.672618,0.609421,
129140,139.866,0.303351,2.32468,
129412,19.5226,0.650104,0.566946,
129516,74.9063,0.611096,1.4244,
130042,153.251,0.117579,2.82615,
130923,29.9986,0.703073,0.75303,
131174,67.9451,0.6419,1.30806,
131341,36.9812,0.691157,0.902725,
131799,66.5796,0.319022,1.50825,
131808,150.324,0.183021,2.67279,
131936,86.9967,0.259472,1.96213,
131944,155.059,0.0987189,2.84563,
132057,44.1233,0.696653,0.991943,
133203,126.094,0.397216,2.08581,
134273,51.1177,0.672531,1.10299,
134403,99.7527,0.509269,1.75813,
134530,89.357,0.559487,1.607,
134855,120.584,0.410302,2.001,
135201,118.813,0.416374,2.03438,
135761,155.098,0.154048,2.69311,
136113,122.072,0.400453,2.04889,
136927,46.8761,0.669601,1.04972,
137271,13.0074,0.55161,0.359395,
137385,140.622,0.264941,2.40838,
138175,21.836,0.665425,0.621074,
138857,35.7078,0.670054,0.821633,
139339,27.7949,0.652262,0.720667,
139538,145.077,0.244467,2.44785,
139624,56.2728,0.631019,1.17234,
139729,108.155,0.4818,1.80956,
140706,77.3831,0.594174,1.40445,
140874,115.597,0.450269,1.92537,
141064,56.0595,0.661876,1.14785,
141370,79.8372,0.591989,1.4771,
141950,96.7381,0.135364,2.51859,
142014,44.7184,0.693184,0.998443,
142431,41.3733,0.681702,0.917129,
143033,138.682,0.28458,2.35332,
143444,145.031,0.255412,2.47053,
143673,128.648,0.351287,2.14856,
143910,75.102,0.606022,1.43411,
144367,140.409,0.288373,2.35494,
146236,144.01,0.283493,2.40652,
146476,131.586,0.324225,2.21782,
147335,91.9482,0.522003,1.65691,
148053,126.873,0.371291,2.16301,
149209,29.3191,0.667954,0.768161,
149642,146.647,0.237134,2.53627,
149712,46.6104,0.670543,1.01914,
150182,35.6011,0.309912,0.721388,
150507,53.8313,0.679268,1.12331,
151241,53.6013,0.372013,1.17272,
151806,41.7916,0.659733,0.967826,
152568,24.2227,0.647505,0.605224,
153474,44.163,0.703063,0.973464,
153540,104.073,0.492162,1.75497,
154937,145.288,0.234238,2.49526,
155446,98.4962,0.204938,2.30604,
155532,83.3282,0.565936,1.50895,
155786,26.4045,0.67803,0.665648,
156903,81.078,0.563397,1.52358,
157387,132.225,0.33983,2.22156,
157783,29.3406,0.233262,0.403058,
157918,84.7745,0.197408,2.10123,
159111,81.9693,0.573297,1.53525,
159269,101.025,0.484777,1.74144,
160208,158.223,0.096023,2.88103,
160841,38.6174,0.690391,0.864767,
160929,49.7049,0.659593,1.05264,
161792,130.475,0.37232,2.14988,
161860,142.73,0.242377,2.48544,
162140,72.8105,0.606861,1.34911,
162520,129.03,0.344066,2.21029,
162575,62.0679,0.623296,1.22911,
163463,102.977,0.495513,1.79608,
163977,94.7775,0.235018,2.18028,
164427,22.1996,0.663036,0.620718,
164526,20.4676,0.661934,0.583225,
164963,51.4619,0.683094,1.09897,
164996,150.721,0.228767,2.52409,
166939,81.077,0.58955,1.48934,
167297,136.197,0.30537,2.32902,
167646,68.0681,0.633305,1.32846,
168052,158.889,0.112828,2.82709,
168375,52.2663,0.67453,1.10327,
168415,19.9248,0.667817,0.54698,
168544,25.5498,0.651548,0.651137,
168680,53.9841,0.682868,1.12259,
168785,53.1309,0.646713,1.10851,
169420,138.052,0.291131,2.32025,
169571,133.028,0.329758,2.26942,
169697,60.3458,0.624679,1.24325,
170438,58.8736,0.66319,1.1686,
170779,48.2277,0.369974,1.03897,
171220,71.7312,0.605628,1.39939,
171336,123.23,0.39486,2.09264,
171977,71.6711,0.609736,1.36551,
172295,116.449,0.423608,1.97332,
173849,66.8722,0.619637,1.31537,
174009,106.759,0.4599,1.86487,
174128,102.783,0.500476,1.73968,
174237,144.518,0.234027,2.51844,
175875,72.5233,0.594531,1.35677,
175889,152.791,0.185923,2.61602,
175998,20.5451,0.610584,0.565555,
176325,66.857,0.640083,1.30371,
176796,150.18,0.22418,2.51646,
177166,57.1721,0.673877,1.15825,
177516,9.86366,0.431163,0.245885,
178260,146.365,0.2089,2.59019,
178509,76.2203,0.604559,1.43523,
178553,143.831,0.278977,2.39595,
178735,121.453,0.38881,2.09694,
179215,85.6612,0.549092,1.57306,
179487,10.4074,0.454038,0.257887,
179670,17.373,0.581615,0.489868,
180258,36.5408,0.665305,0.844471,
180558,114.434,0.454191,1.89828,
181229,147.134,0.257995,2.44333,
181488,112.224,0.408173,2.01087,
181609,20.9346,0.657246,0.571891,
182542,132.165,0.320417,2.22878,
183447,58.7621,0.660632,1.19617,
183971,108.163,0.486833,1.81707,
185140,52.9401,0.674016,1.13461,
186891,31.719,0.67579,0.782832,
187162,25.8645,0.690801,0.680861,
187791,29.3651,0.675197,0.76224,
187973,29.467,0.267176,0.505321,
188176,30.3755,0.702837,0.739858,
188438,128.426,0.361199,2.17704,
188456,26.739,0.677082,0.719784,
188649,130.836,0.322243,2.25021,
189437,63.9441,0.637754,1.22744,
190200,40.2181,0.688515,0.955114,
190315,64.3096,0.336738,1.38402,
190506,126.663,0.379589,2.13324,
190874,76.1698,0.602461,1.40228,
191188,68.3517,0.639838,1.32174,
191505,91.3792,0.221612,2.134,
192395,92.8717,0.249827,2.16786,
192516,111.546,0.465262,1.87532,
193189,18.3683,0.604904,0.532026,
193909,141.669,0.261378,2.42463,
194159,100.676,0.477103,1.78775,
194385,94.6935,0.236271,2.24068,
195756,139.016,0.310242,2.30064,
197114,96.2761,0.507128,1.72439,
197212,106.932,0.468914,1.87008,
197661,71.7529,0.616976,1.36621,
197756,61.9027,0.658326,1.23173,
199149,103.012,0.48768,1.74922,
199355,65.2113,0.615852,1.3154,
199599,51.8007,0.641635,1.09389,
200063,54.0904,0.641985,1.1118,
200231,67.7874,0.615229,1.29844,
200318,161.382,0.0384967,3.01501,
200744,122.899,0.38488,2.10413,
201649,27.5854,0.669416,0.708001,
202035,63.1537,0.640917,1.27212,
202727,80.9094,0.556394,1.51257,
202800,41.3005,0.679239,0.971648,
203428,144.498,0.284676,2.38702,
205134,63.0526,0.360491,1.40354,
205566,16.9004,0.607777,0.489802,
206069,109.604,0.470882,1.87047,
207547,84.6063,0.550083,1.55817,
207777,141.875,0.273914,2.36485,
207797,132.155,0.35066,2.19599,
208113,154.004,0.145969,2.77927,
208358,148.752,0.219399,2.52709,
209103,100.503,0.490312,1.78889,
210142,32.6943,0.659736,0.813298,
210905,40.5357,0.703372,0.946103,
211363,111.112,0.455823,1.91996,
211717,56.5132,0.63337,1.16701,
212084,102.898,0.4983,1.7352,
215854,39.0778,0.687204,0.933313,
216513,84.0215,0.545446,1.5412,
217147,58.5481,0.649625,1.21823,
217174,40.604,0.690597,0.897013,
217391,21.8514,0.662276,0.58088,
218078,146.062,0.234645,2.4704,
218504,34.9453,0.681161,0.814727,
218590,99.8289,0.50681,1.69824,
218748,126.47,0.380843,2.13412,
218897,135.101,0.317549,2.31072,
220000,121.75,0.415566,1.99822,
220365,127.715,0.388077,2.09683,
221070,31.0872,0.712282,0.774617,
221706,109.768,0.448033,1.88892,
222817,10.91,0.363888,0.247316,
223621,18.4532,0.603245,0.473068,
225048,66.8624,0.617497,1.27834,
225181,82.9219,0.589455,1.49526,
225308,53.8293,0.674544,1.12543,
225593,135.549,0.339023,2.23856,
225625,64.6591,0.63652,1.29068,
225686,85.3858,0.578201,1.51515,
225718,137.002,0.313982,2.32668,
225814,53.4672,0.657596,1.15381,
226112,151.837,0.172781,2.6813,
226141,125.068,0.393163,2.0547,
226470,38.6801,0.682939,0.865964,
226834,131.99,0.362393,2.17829,
227978,128.104,0.383337,2.1149,
228484,119.076,0.415496,2.00082,
228665,16.83,0.573888,0.432324,
229236,92.3011,0.524585,1.67827,
230930,122.397,0.378136,2.11437,
231367,70.3583,0.626773,1.32252,
231523,67.5404,0.600496,1.3197,
232840,27.5964,0.699073,0.725271,
233766,87.372,0.530792,1.59286,
234217,125.006,0.395145,2.04767,
234657,13.9867,0.505671,0.346532,
234732,134.964,0.316762,2.25559,
235521,80.8171,0.586329,1.49932,
235726,100.954,0.49195,1.74358,
236936,146.04,0.237699,2.50707,
237609,101.293,0.498953,1.77132,
238547,73.0463,0.598863,1.42058,
238567,26.0438,0.650492,0.698714,
238755,29.5194,0.701556,0.741972,
238888,49.8959,0.660371,1.07186,
239144,80.8071,0.596543,1.48271,
239150,24.3852,0.678977,0.619001,
239424,27.6293,0.663104,0.67315,
239456,154.309,0.195713,2.60515,
242063,109.206,0.475522,1.86767,
242230,130.286,0.32374,2.25314,
242909,145.739,0.22633,2.49309,
243119,80.153,0.587144,1.48712,
243326,129.426,0.366532,2.15758,
243544,155.679,0.104303,2.85525,
243632,123.249,0.386663,2.0723,
243796,143.545,0.284779,2.39201,
244194,16.1562,0.549273,0.409026,
244285,31.8512,0.670064,0.762758,
244359,154.37,0.153233,2.71692,
244866,68.2214,0.62824,1.34073,
245302,110.731,0.472293,1.84377,
245736,157.803,0.133749,2.81645,
245745,66.2509,0.607524,1.29183,
245995,54.192,0.660107,1.11857,
246850,107.252,0.105582,2.7036,
247010,44.8687,0.697423,0.993788,
247511,20.8826,0.653373,0.551987,
248220,153.733,0.18509,2.65616,
248750,108.597,0.447451,1.89523,
249493,56.0492,0.676823,1.15159,
249656,108.845,0.457139,1.89599,
250070,103.168,0.470952,1.78342,
250290,64.287,0.642738,1.25852,
250660,77.3576,0.604497,1.40982,
250890,102.656,0.113665,2.61843,
251307,107.936,0.463895,1.87979,
252124,54.4261,0.66531,1.09778,
252809,126.542,0.370819,2.13705,
253760,70.9216,0.605199,1.33998,
254997,136.303,0.296903,2.29689,
255501,75.8764,0.614372,1.41563,
256196,67.8859,0.641176,1.29211,
257447,83.811,0.582525,1.5194,
258097,29.6954,0.648445,0.744913,
259508,136.454,0.290552,2.33474,
260037,55.3224,0.365226,1.21776,
260064,32.5183,0.664836,0.779532,
260198,28.9261,0.667715,0.740063,
260730,119.699,0.42198,2.00793,
262030,83.0889,0.275914,1.83337,
263300,73.7416,0.621776,1.381,
264795,9.40476,0.1563,0.107705,
265991,98.1726,0.499322,1.70298,
266212,89.928,0.531614,1.62127,
266249,53.0013,0.644364,1.13978,
266586,122.439,0.403842,2.03328,
266920,32.2637,0.248824,0.5396,
267448,31.7618,0.663563,0.794251,
267996,31.6195,0.710983,0.785727,
268057,67.7429,0.329125,1.46045,
268223,134.11,0.313014,2.29159,
268981,48.7343,0.651614,1.05881,
270286,37.4598,0.325146,0.783451,
272161,73.8827,0.588444,1.42189,
272818,55.7415,0.662017,1.12322,
272869,117.185,0.429116,1.95198,
273153,119.396,0.396935,2.06235,
273432,7.83626,0.119458,0.0607875,
274331,146.675,0.244031,2.47155,
275656,87.0612,0.560629,1.58994,
276110,131.441,0.368028,2.14598,
276193,51.974,0.653439,1.12287,
276524,18.1842,0.609154,0.505291,
276715,10.1237,0.437438,0.26239,
277095,80.3644,0.592882,1.44525,
277225,86.9171,0.561418,1.57122,
277289,82.3576,0.56995,1.52874,
277382,116.442,0.424004,1.95786,
279100,64.9504,0.651455,1.27378,
279360,66.2246,0.632304,1.31832,
279372,43.5043,0.705283,0.966641,
279767,83.5965,0.546168,1.53585,
280830,125.354,0.360065,2.14727,
282158,152.417,0.151308,2.75221,
282833,31.38,0.694888,0.799912,
283050,47.4112,0.663843,1.05215,
283051,74.7669,0.615515,1.37503,
283333,107.319,0.451357,1.86737,
284868,60.5857,0.645923,1.24508,
285067,40.3065,0.658129,0.916861,
285377,117.885,0.407841,1.99472,
285512,150.348,0.206041,2.62215,
285684,115.651,0.429802,1.92283,
286055,42.647,0.688618,0.937478,
286243,75.7696,0.599731,1.38384,
286343,67.2286,0.609764,1.28897,
286396,83.2502,0.548472,1.55362,
287370,68.6327,0.341222,1.48782,
287523,83.3128,0.554802,1.53533,
288060,18.8401,0.642143,0.526659,
288407,14.0479,0.518945,0.40877,
288445,25.4017,0.0968899,0.198547,
288556,74.4341,0.616833,1.3878,
288760,56.41,0.635196,1.15411,
288892,23.9964,0.658776,0.607326,
289722,152.31,0.156225,2.74929,
290041,44.4656,0.37901,0.881671,
290244,116.63,0.446604,1.93473,
290337,80.2652,0.591773,1.44023,
291563,35.1794,0.676464,0.853482,
291612,111.381,0.45972,1.89176,
292054,53.2978,0.341179,1.1798,
292335,63.6065,0.645964,1.27899,
292410,114.308,0.438482,1.93627,
292709,83.6167,0.5649,1.55882,
292823,101.71,0.514869,1.72714,
293207,33.1022,0.68662,0.796562,
293793,29.2461,0.693819,0.712822,
294796,155.419,0.151146,2.76179,
295022,127.723,0.351212,2.15461,
295207,116.447,0.433462,1.98175,
295812,94.5445,0.215924,2.23802,
296686,95.427,0.539684,1.67029,
296846,26.6266,0.699694,0.709035,
297044,46.4965,0.673715,1.01507,
298204,11.3564,0.483152,0.294935,
299458,20.1109,0.637009,0.583103,
301151,112.658,0.423263,1.94102,
301161,42.2074,0.697574,0.949228,
301748,101.245,0.511131,1.76049,
301914,126.326,0.353486,2.18512,
302495,54.2699,0.650961,1.1456,
302610,152.637,0.168749,2.72109,
302974,78.795,0.603758,1.45774,
302999,68.8919,0.619128,1.36253,
303113,41.5248,0.660484,0.940031,
303396,49.8856,0.659674,1.04,
303797,69.4081,0.597155,1.36529,
303916,93.9355,0.522452,1.66058,
304803,28.6458,0.682283,0.748174,
305173,51.8742,0.679529,1.06789,
305874,155.346,0.164616,2.69824,
305973,150.203,0.216203,2.57574,
309027,35.3558,0.705335,0.853928,
309037,92.0059,0.222237,2.22128,
309143,18.5894,0.65045,0.517999,
310033,105.441,0.168805,2.47114,
310189,92.1691,0.541405,1.59743,
310497,110.885,0.0963487,2.75909,
310610,46.3514,0.666577,1.02986,
310848,27.6613,0.171241,0.303584,
311504,47.1818,0.693802,1.04388,
313921,149.194,0.195331,2.60295,
314243,159.079,0.0558536,3.00776,
314549,47.8462,0.675009,1.05391,
314800,143.827,0.27809,2.40679,
314941,70.6474,0.599788,1.34727,
315177,118.216,0.39815,2.01961,
315346,128.044,0.366306,2.15459,
315421,86.5614,0.566991,1.57599,
316397,88.3008,0.551962,1.55805,
317504,59.4734,0.357904,1.36904,
318137,18.4984,0.641269,0.54342,
320324,127.834,0.339392,2.2106,
321701,25.9568,0.653972,0.701138,
321940,145.482,0.213047,2.54194,
322484,55.1268,0.651048,1.11494,
322607,26.7484,0.65693,0.681652,
323610,105.884,0.480394,1.77942,
323620,108.272,0.464554,1.83557,
323748,30.2266,0.652514,0.764709,
323888,151.922,0.189138,2.60781,
325850,13.7257,0.476188,0.330515,
326281,146.116,0.263318,2.44684,
326461,54.3018,0.669288,1.14094,
326468,79.3056,0.595133,1.42827,
326499,65.2669,0.623275,1.25578,
326545,51.2306,0.675301,1.08437,
328565,57.478,0.634036,1.16439,
328876,49.7835,0.651661,1.04744,
329358,89.6946,0.541448,1.60606,
329695,69.2094,0.611269,1.33035,
330289,14.6104,0.524818,0.373291,
330788,140.472,0.307235,2.32195,
331749,47.0827,0.694897,1.01943,
332125,98.4375,0.50105,1.75393,
332487,35.0807,0.661139,0.830225,
332733,122.783,0.370153,2.12705,
333790,20.1793,0.63779,0.567643,
333861,58.4924,0.651688,1.19936,
334195,94.7983,0.529014,1.69529,
334823,50.0067,0.660238,1.05119,
335056,134.904,0.311326,2.3029,
335156,89.9584,0.561475,1.57724,
335455,146.329,0.257243,2.43699,
336394,31.3826,0.68192,0.774981,
337290,130.236,0.327119,2.25361,
338085,37.9261,0.691929,0.868289,
338586,12.3973,0.512666,0.341828,
339524,142.509,0.25777,2.41333,
339534,83.3351,0.548195,1.54353,
339601,132.81,0.32942,2.2703,
339646,106.298,0.0931048,2.81906,
340465,19.1313,0.642284,0.510128,
340475,86.0422,0.569903,1.515,
340996,62.1184,0.616556,1.24674,
342318,78.3707,0.574291,1.44534,
343143,84.8194,0.572986,1.50071,
343732,61.7732,0.638409,1.26579,
344017,134.993,0.341586,2.20461,
344424,91.1017,0.531009,1.59736,
344432,141.862,0.264158,2.41126,
344545,22.4322,0.621042,0.583509,
344910,90.1238,0.53544,1.58235,
347653,101.832,0.493536,1.79033,
348017,95.5637,0.53161,1.64915,
348451,81.73,0.565607,1.53792,
349474,81.1014,0.571915,1.46261,
349620,109.827,0.0893542,2.82125,
350000,65.9386,0.618767,1.28218,
350817,11.2047,0.471344,0.295944,
351091,56.6569,0.367266,1.20592,
351315,123.242,0.403915,2.06662,
351647,52.561,0.666155,1.13843,
351868,119.881,0.39301,2.06782,
352299,65.8598,0.609582,1.28773,
352524,46.1996,0.683786,0.995146,
352710,54.4581,0.681522,1.12471,
352737,65.8132,0.607655,1.28643,
352780,79.2977,0.566365,1.47804,
352797,33.3101,0.706036,0.793344,
353514,81.1673,0.571704,1.46619,
353915,115.421,0.435115,1.91417,
355193,102.967,0.498146,1.75163,
355675,145.494,0.21548,2.55061,
356046,44.0758,0.67589,0.997689,
356056,44.0339,0.656149,0.979178,
356627,148.887,0.170832,2.67287,
356722,155.953,0.0717128,2.96176,
357520,68.6061,0.601638,1.35753,
357610,52.7545,0.656418,1.135,
357746,99.5336,0.178408,2.46587,
358157,34.9334,0.705448,0.813896,
358380,42.532,0.69883,0.957013,
359375,15.9991,0.540962,0.435843,
359612,101.559,0.478821,1.78387,
360259,20.1744,0.647987,0.526373,
360335,129.29,0.363845,2.13325,
360453,90.2892,0.540154,1.59939,
360853,137.035,0.32834,2.23916,
361624,46.5456,0.65274,1.00964,
362082,129.811,0.346847,2.19457,
362333,124.618,0.379519,2.10368,
363208,101.759,0.506836,1.73992,
363548,30.1922,0.687014,0.743464,
363675,87.9528,0.538551,1.59977,
364101,72.4283,0.596486,1.38227,
364586,39.3012,0.311003,0.825566,
365040,116.387,0.409763,1.97832,
365329,37.5969,0.681427,0.864828,
365696,40.7125,0.332508,0.881439,
366564,28.564,0.704623,0.711557,
366785,60.6421,0.662683,1.19982,
367997,93.9035,0.54119,1.64893,
368045,84.4104,0.543855,1.56864,
368452,36.3439,0.71162,0.869481,
368457,127.235,0.392666,2.09202,
369388,82.9723,0.574678,1.50462,
369689,27.0288,0.126321,0.225373,
370221,108.274,0.45655,1.89564,
370973,140.874,0.296589,2.37118,
371035,9.30522,0.34417,0.200151,
371095,116.442,0.436502,1.92718,
371263,53.5071,0.461207,1.11506,
371284,66.1905,0.638424,1.278,
371689,30.267,0.220137,0.442709,
372488,158.283,0.104254,2.87295,
373595,27.1542,0.68919,0.695431,
374683,37.5069,0.682557,0.871299,
374702,34.6761,0.675426,0.864115,
374730,110.821,0.442195,1.92245,
375689,153.888,0.166748,2.72749,
375948,55.8881,0.671396,1.14272,
376165,16.7348,0.581348,0.433677,
376207,17.7872,0.56863,0.473763,
376413,92.8726,0.533212,1.61191,
376509,120.873,0.388911,2.03131,
376619,9.18155,0.202961,0.0930317,
377207,79.9501,0.31048,1.8156,
377321,111.856,0.0859069,2.76675,
378141,55.7808,0.668802,1.16319,
379568,98.9641,0.505438,1.75938,
379739,86.6679,0.511533,1.67246,
379860,66.8568,0.615437,1.2947,
381223,139.592,0.290133,2.36744,
381787,103.112,0.495832,1.76289,
382224,64.5698,0.61459,1.25986,
382640,104.764,0.469768,1.84732,
382866,141.877,0.255141,2.422,
383220,55.6532,0.655815,1.1835,
383934,42.028,0.696105,0.973557,
383939,117.826,0.401253,1.99785,
383945,54.1315,0.652042,1.15813,
384641,34.7881,0.664779,0.814613,
386123,69.3583,0.627798,1.29946,
386715,73.5883,0.619326,1.36745,
386972,54.6395,0.653687,1.11459,
387160,32.4937,0.703473,0.81608,
388337,105.833,0.467947,1.85267,
388618,26.5517,0.663599,0.69569,
389502,21.6835,0.68057,0.598225,
389926,64.9556,0.645299,1.29246,
390045,98.1501,0.496539,1.72332,
390239,82.9454,0.58165,1.48025,
390453,97.8819,0.223848,2.28201,
390460,109.061,0.447937,1.85551,
390720,54.0638,0.649355,1.14833,
390953,127.7,0.362318,2.12507,
391525,132.499,0.33682,2.2075,
391635,145.468,0.223644,2.51554,
391671,40.0133,0.332295,0.878138,
391837,118.429,0.393864,2.04814,
391858,114.193,0.455336,1.92475,
392555,133.691,0.328405,2.25794,
392565,121.378,0.391943,2.0872,
392947,56.021,0.663226,1.12004,
394141,151.36,0.155848,2.6902,
394426,73.6506,0.604999,1.39417,
395321,117.267,0.440197,1.96117,
395424,131.19,0.354447,2.21105,
395796,117.832,0.393643,2.04191,
395889,127.321,0.359909,2.15907,
397698,16.3301,0.540288,0.435058,
398125,18.2934,0.638664,0.49544,
399025,52.7675,0.667164,1.11553,
400092,95.7747,0.498675,1.69794,
400218,88.2281,0.527405,1.60699,
400278,154.987,0.139174,2.74919,
400476,157.89,0.125571,2.82769,
401313,126.807,0.383841,2.11979,
401346,100.607,0.182198,2.31767,
401351,88.0641,0.571227,1.56151,
401680,20.4845,0.651711,0.592283,
402364,71.3814,0.597507,1.35263,
402407,84.1027,0.557387,1.50943,
402556,81.2497,0.556974,1.52855,
402643,58.417,0.659055,1.15814,
404530,31.6709,0.312864,0.627907,
406843,44.7942,0.670623,0.995745,
407352,35.1206,0.66205,0.859239,
407673,15.9795,0.609555,0.444564,
408058,89.1147,0.556522,1.57236,
408383,64.6658,0.643063,1.29124,
409023,59.4489,0.625029,1.2055,
409630,24.8538,0.687158,0.667665,
410081,33.177,0.682751,0.837696,
410615,40.7618,0.678516,0.899655,
411273,130.685,0.35514,2.1509,
411809,151.448,0.1845,2.61195,
412204,55.9817,0.663374,1.13937,
412212,147.158,0.198959,2.59574,
412720,157.718,0.163963,2.71405,
412898,32.6886,0.656866,0.807475,
414597,26.598,0.687115,0.67354,
414822,54.8637,0.641786,1.14354,
414996,89.6999,0.558506,1.60381,
415004,16.3785,0.569897,0.41671,
415104,62.2575,0.660492,1.22614,
416661,14.259,0.559968,0.369252,
417288,71.8851,0.625783,1.33638,
417994,13.0625,0.556545,0.358091,
419286,154.25,0.144082,2.71728,
420018,44.3959,0.66707,0.970376,
420175,31.0602,0.690569,0.790952,
420182,89.4678,0.530906,1.6368,
420415,96.4491,0.515484,1.66949,
420671,41.7252,0.700387,0.967763,
421148,49.491,0.667734,1.03263,
421162,58.8755,0.644303,1.20393,
421237,96.237,0.534985,1.65221,
421340,84.325,0.272928,1.96438,
421578,38.2044,0.676015,0.861057,
421663,58.6145,0.626931,1.2129,
421936,50.1833,0.665548,1.08307,
423524,119.376,0.402671,2.05346,
423726,104.473,0.18357,2.39776,
426618,20.808,0.626827,0.583529,
426627,127.57,0.377834,2.12358,
426686,80.1014,0.59278,1.44754,
427298,16.1692,0.530304,0.418525,
428251,25.6136,0.678217,0.645669,
428294,107.954,0.481756,1.82276,
428570,146.449,0.194894,2.60559,
429021,126.445,0.385606,2.08171,
429291,14.9762,0.570586,0.443301,
429855,137.039,0.301032,2.34383,
431123,46.3491,0.69749,0.995718,
431890,96.7847,0.514791,1.66598,
432536,124.007,0.375347,2.11427,
432542,120.826,0.422749,2.01963,
433499,103.079,0.491693,1.753,
433910,29.6374,0.694376,0.716871,
435006,29.1062,0.257136,0.527105,
436894,154.482,0.201421,2.61198,
437393,38.3019,0.643436,0.892595,
437938,142.819,0.248568,2.4529,
438802,62.2806,0.648818,1.21667,
439089,142.288,0.280145,2.3574,
439295,110.755,0.117739,2.7301,
439993,140.134,0.297028,2.36473,
440035,16.477,0.605046,0.491936,
440201,21.7184,0.674135,0.602873,
440450,135.008,0.313569,2.29201,
441192,73.6111,0.589817,1.42893,
441242,34.3407,0.691506,0.839965,
441528,148.367,0.216943,2.51984,
442516,83.8323,0.263408,1.90398,
443349,11.7505,0.459879,0.329517,
443580,113.99,0.42185,1.9859,
443689,25.7208,0.689412,0.690141,
444114,70.18,0.59258,1.35003,
444554,47.5552,0.679336,1.00712,
445067,156.077,0.155387,2.75326,
447018,140.922,0.279323,2.41533,
447632,91.6935,0.531565,1.62134,
447766,37.8909,0.669344,0.863064,
448470,99.9905,0.432593,1.85799,
448742,83.3686,0.553627,1.50661,
449640,12.6304,0.518775,0.329269,
449891,61.6782,0.647022,1.20165,
450303,66.4471,0.624089,1.27159,
450564,60.1778,0.658684,1.2128,
450670,81.1803,0.563394,1.51453,
451678,91.2536,0.53716,1.63593,
452219,32.5305,0.655502,0.802981,
453201,45.1374,0.701331,0.985174,
453282,136.403,0.282964,2.3508,
453559,47.5496,0.658602,1.02072,
453906,108.437,0.455999,1.83568,
454567,97.0168,0.497722,1.73506,
454676,78.0623,0.59421,1.4622,
455291,144.353,0.260198,2.41126,
455510,114.519,0.441778,1.92387,
456543,128.544,0.374404,2.12963,
456725,139.618,0.280844,2.40921,
457105,59.6433,0.658204,1.17216,
457542,128.879,0.383203,2.12252,
458792,16.0488,0.527061,0.42456,
458830,111.498,0.445583,1.92664,
459006,90.5522,0.532032,1.62744,
459048,18.3569,0.636402,0.520355,
459880,112.738,0.452042,1.91229,
460231,111.665,0.435314,1.95104,
460281,156.593,0.165887,2.69982,
460928,26.8436,0.642961,0.702041,
462778,101.23,0.445157,1.86614,
462820,64.5564,0.653678,1.26143,
463007,102.703,0.471413,1.79982,
463889,156.978,0.0326909,3.03095,
464088,108.443,0.458026,1.8776,
464289,92.3102,0.526092,1.61279,
464521,79.8629,0.570019,1.50783,
464698,13.9052,0.472928,0.362625,
464967,114.721,0.413661,1.9685,
465303,39.757,0.310819,0.767372,
465626,40.5773,0.684507,0.907962,
465776,90.3859,0.540918,1.60554,
466143,45.1186,0.667704,0.992014,
466406,73.3418,0.326016,1.59211,
466581,87.548,0.257581,2.03825,
468371,125.446,0.343929,2.20587,
469437,132.003,0.316451,2.25113,
469701,152.096,0.21693,2.58542,
471111,57.4025,0.674293,1.17007,
472018,108.428,0.463022,1.82183,
472068,24.0667,0.627354,0.616117,
473617,24.5716,0.662028,0.679518,
474810,126.884,0.391525,2.08673,
475150,11.1013,0.415804,0.237715,
478093,82.3414,0.568738,1.50198,
478287,75.155,0.33483,1.71322,
478999,149.714,0.236774,2.52149,
479119,79.3974,0.302649,1.74079,
479620,154.803,0.150262,2.70161,
480658,48.2684,0.654351,1.03543,
481364,84.3216,0.312927,1.81578,
481438,108.779,0.481388,1.81703,
482213,15.6932,0.473141,0.452198,
483116,59.0279,0.642632,1.1705,
483124,60.3959,0.656259,1.19553,
483199,22.2938,0.620896,0.607633,
483366,9.36245,0.321691,0.174517,
483776,105.086,0.464854,1.85811,
484257,102.192,0.486486,1.81086,
485168,81.9,0.579191,1.46645,
485255,48.0002,0.667816,1.01457,
486498,8.54636,0.235644,0.134311,
486912,26.9155,0.686763,0.691219,
486935,9.74595,0.22497,0.124023,
487044,34.3249,0.695525,0.796269,
487287,42.9494,0.694673,0.991035,
487600,100.939,0.482563,1.74587,
488606,136.97,0.316584,2.25488,
489056,123.928,0.389806,2.08387,
489558,44.1461,0.703951,0.973938,
489692,153.754,0.184092,2.66977,
489794,19.4925,0.583066,0.522142,
490073,156.452,0.121672,2.84671,
491707,86.7464,0.54877,1.53801,
492290,9.27935,0.25095,0.126912,
492458,26.0011,0.650483,0.644336,
492597,73.4141,0.59523,1.36331,
492657,139.647,0.290851,2.32208,
493282,144.998,0.239121,2.46461,
493670,61.5635,0.627969,1.26608,
494230,107.286,0.44954,1.85556,
494252,65.4675,0.650355,1.27166,
494939,132.341,0.356586,2.19919,
495820,92.9078,0.51589,1.67508,
495987,140.989,0.262728,2.45341,
496486,52.2819,0.657001,1.07267,
498133,27.0813,0.20923,0.368315,
498144,29.3145,0.252853,0.50853,
498226,23.798,0.685733,0.643171,
498263,142.62,0.2753,2.38627,
498468,54.2126,0.670278,1.14889,
499576,18.6362,0.637458,0.521748,
499741,74.5047,0.590606,1.44016,
500123,119.698,0.406221,1.9933,
500328,122.365,0.396572,2.0404,
501300,42.9211,0.675839,0.997203,
501993,30.5338,0.687021,0.731936,
502181,29.8609,0.175628,0.356454,
502282,41.089,0.689766,0.939516,
503058,28.8212,0.667102,0.697393,
503709,83.6204,0.587589,1.50724,
503823,120.08,0.398527,2.02264,
504227,24.9419,0.660013,0.662472,
504332,72.5109,0.624381,1.37739,
504825,91.7264,0.515703,1.64025,
505144,104.382,0.484157,1.81903,
505220,53.7164,0.647185,1.14695,
505374,93.4695,0.544779,1.61513,
505735,143.723,0.228808,2.52335,
506142,76.1453,0.30407,1.74873,
506394,27.7765,0.658418,0.694431,
507953,29.422,0.65404,0.754048,
508077,65.3188,0.619815,1.25582,
508123,113.539,0.450287,1.88061,
508262,21.7566,0.609869,0.58173,
508974,24.7897,0.646985,0.676534,
509006,18.2871,0.581678,0.479648,
509797,77.1247,0.576852,1.45842,
509875,92.5712,0.525981,1.63608,
510327,64.2928,0.622824,1.25218,
510330,83.0076,0.559987,1.54859,
511440,20.966,0.652872,0.59807,
511442,67.8286,0.602008,1.3452,
513399,120.203,0.412207,1.98764,
513990,152.068,0.224076,2.55549,
514088,162.548,0.0698288,2.93707,
514374,126.313,0.360752,2.13994,
515443,63.0173,0.613721,1.26146,
515578,82.8359,0.576837,1.47396,
516756,152.29,0.220465,2.56518,
516875,63.7339,0.620083,1.2661,
517186,54.2074,0.649315,1.15743,
517685,135.29,0.337179,2.25624,
518509,42.9946,0.688897,0.938043,
519439,95.5208,0.498229,1.6985,
520438,73.9657,0.58745,1.42863,
520578,101.88,0.491622,1.75423,
521830,146.791,0.253835,2.45216,
522055,109.768,0.456857,1.87343,
522513,53.3564,0.649365,1.12105,
522768,57.5926,0.647775,1.15244,
522838,46.5357,0.684983,1.0314,
522955,30.5674,0.706643,0.7816,
523187,139.8,0.292878,2.33906,
523552,58.4906,0.666057,1.16129,
523633,36.1915,0.69961,0.883754,
524531,125.927,0.348939,2.16963,
524989,35.9001,0.309976,0.71459,
525237,48.4673,0.619944,1.14689,
525321,22.7046,0.618338,0.597652,
525415,123.638,0.399674,2.04948,
526736,74.2031,0.61639,1.39181,
526849,73.4039,0.615287,1.38286,
527008,105.766,0.481927,1.83268,
528197,23.8544,0.664385,0.664073,
528488,61.9047,0.650868,1.20159,
528906,61.049,0.645335,1.25189,
528973,24.4545,0.668136,0.612581,
530158,128.143,0.340458,2.21741,
530430,116.936,0.424979,1.93924,
530618,142.557,0.273496,2.39211,
530829,52.7921,0.643317,1.12744,
530983,142.872,0.253896,2.46904,
532639,50.2806,0.651617,1.05654,
532815,86.4146,0.56426,1.54676,
533081,157.713,0.0524365,3.01178,
533527,11.5622,0.513465,0.324082,
533788,88.4991,0.542015,1.5916,
534313,80.2004,0.322141,1.76907,
534581,36.7547,0.306785,0.71356,
535602,70.4398,0.593493,1.3793,
535644,134.975,0.321441,2.28026,
536212,45.56,0.65421,1.02392,
536634,59.1978,0.631415,1.18014,
537352,157.979,0.0506464,2.97926,
538701,53.6056,0.654686,1.15613,
539448,152.308,0.13731,2.78948,
539746,9.32808,0.206666,0.099059,
539991,101.544,0.480108,1.76213,
540731,62.3447,0.616375,1.25081,
542741,44.6782,0.670839,0.99289,
543002,127.92,0.353286,2.19087,
543312,142.008,0.240166,2.48761,
543864,96.6601,0.501665,1.69001,
544381,95.0343,0.507671,1.66455,
544469,53.5532,0.670101,1.09596,
545064,82.4811,0.56277,1.51691,
545140,68.9893,0.596069,1.33552,
545468,33.5482,0.710425,0.82446,
545579,16.9567,0.635131,0.493588,
546913,84.5587,0.551362,1.5188,
547075,52.7854,0.663388,1.07666,
547296,116.097,0.423698,1.9888,
548542,71.4822,0.600554,1.33886,
548830,28.6602,0.703238,0.737718,
549092,80.795,0.313687,1.76044,
549962,63.752,0.361126,1.4242,
550298,105.807,0.465865,1.82855,
550890,22.0662,0.677109,0.585328,
552027,39.3122,0.708588,0.903523,
552331,134.769,0.292847,2.33095,
553169,14.138,0.57907,0.392195,
554171,139.517,0.27939,2.40814,
555221,128.036,0.344292,2.16284,
555302,31.2822,0.711223,0.769517,
556136,50.6786,0.684803,1.07464,
556495,139.734,0.298858,2.36136,
557801,10.1406,0.396777,0.234673,
558515,30.008,0.650876,0.737168,
558840,38.3038,0.711462,0.894395,
558956,134.881,0.339336,2.20548,
560426,74.4658,0.609491,1.37242,
560724,37.0186,0.706017,0.871424,
560829,41.188,0.702358,0.920518,
561768,79.1994,0.594876,1.48257,
562060,146.505,0.207512,2.55644,
562229,82.8708,0.58568,1.49155,
562713,8.29385,0.221419,0.151126,
564764,100.623,0.168114,2.50485,
565015,138.34,0.269642,2.39521,
565514,126.378,0.3623,2.10975,
567229,94.1576,0.527043,1.62779,
567499,111.765,0.465098,1.88243,
568579,149.808,0.191115,2.63936,
569293,18.1981,0.624444,0.476679,
570698,66.636,0.354972,1.44738,
572593,136.85,0.285675,2.36015,
573295,37.7731,0.688034,0.858851,
573463,24.4918,0.636166,0.623219,
573961,158.694,0.0136424,3.13248,
574540,78.3579,0.591093,1.41745,
575598,46.4317,0.6651,1.01402,
576952,51.2602,0.673549,1.05348,
578375,57.235,0.647847,1.16522,
578401,95.5338,0.510754,1.72264,
578738,66.8875,0.574943,1.34773,
578765,56.5428,0.635378,1.1893,
579018,114.219,0.458688,1.90744,
579181,130.02,0.363722,2.13651,
580111,29.9058,0.659111,0.728078,
581135,66.9543,0.638757,1.29748,
581228,69.5149,0.594866,1.36026,
581343,151.543,0.153501,2.69523,
581725,96.6476,0.525273,1.68441,
582315,99.8352,0.210974,2.26653,
582459,10.2204,0.310253,0.203123,
583043,59.6441,0.636504,1.21297,
583840,9.95554,0.339442,0.178058,
583972,144.835,0.246041,2.44843,
584382,85.208,0.551794,1.52351,
585534,151.201,0.143282,2.76259,
585884,15.7101,0.612839,0.436275,
586678,34.7273,0.699549,0.841485,
587856,154.745,0.0784771,2.93369,
588118,131.424,0.340498,2.2377,
588364,10.2437,0.268409,0.164664,
588768,128.849,0.365213,2.16503,
588833,72.4942,0.603286,1.37189,
589537,81.0718,0.567523,1.48922,
589549,154.204,0.146909,2.73608,
589578,40.7126,0.680067,0.949444,
589846,77.9985,0.542307,1.53764,
589882,24.3193,0.643606,0.691302,
590019,84.5816,0.285463,1.87096,
590044,56.6671,0.644173,1.14732,
590356,72.9086,0.603351,1.37126,
590376,85.1496,0.274097,1.91966,
590386,140.066,0.300665,2.31865,
590585,35.0133,0.659239,0.823348,
590824,90.1847,0.265608,2.03506,
591031,75.1752,0.599716,1.3779,
591172,78.1116,0.568888,1.47678,
591630,110.604,0.465633,1.83899,
591840,95.3732,0.520357,1.69936,
592153,95.7431,0.53954,1.65872,
592600,82.2692,0.567256,1.4849,
592808,103.486,0.501101,1.78592,
593459,116.213,0.439514,1.97052,
593736,10.5378,0.432572,0.293333,
594373,160.499,0.0920184,2.86822,
594434,13.5813,0.499553,0.360285,
595635,28.8578,0.696887,0.706688,
595639,113.45,0.452705,1.93416,
596292,94.4297,0.53936,1.63418,
596694,20.1305,0.63711,0.576344,
596737,146.756,0.211035,2.58037,
597312,39.6524,0.685382,0.885215,
597548,63.1434,0.631522,1.26449,
597709,119.368,0.428666,1.97937,
597986,44.5489,0.700354,0.977457,
599335,130.4,0.0635614,2.92386,
599554,124.729,0.401732,2.05797,
599797,98.3889,0.525862,1.70171,
600378,25.5321,0.639801,0.641303,
600739,109.914,0.446726,1.87163,
601662,36.6665,0.679106,0.882452,
602051,59.3309,0.650631,1.21828,
602304,126.456,0.351256,2.18511,
602470,21.7298,0.666503,0.612245,
602537,108.611,0.0727353,2.87363,
603145,16.9639,0.567066,0.444681,
603346,129.619,0.35232,2.14409,
603380,83.7738,0.571341,1.50676,
603602,32.7821,0.668015,0.798512,
604455,128.039,0.386384,2.11017,
605268,97.9465,0.214838,2.19348,
605353,106.832,0.463238,1.84121,
605374,86.251,0.546286,1.59743,
605782,157.236,0.169561,2.68304,
605791,25.7509,0.0685588,0.170126,
605974,86.1412,0.261737,1.98679,
607380,106.97,0.448727,1.87031,
607572,152.26,0.198327,2.58838,
608389,74.93,0.587548,1.38671,
608392,132.172,0.225283,2.48985,
608979,17.3698,0.567477,0.493106,
609171,24.0585,0.651783,0.614368,
610051,123.184,0.37684,2.09632,
611447,67.4767,0.615198,1.31198,
612346,128.9,0.332233,2.20273,
612535,41.5111,0.65896,0.949951,
612540,70.4559,0.604217,1.35233,
612862,85.849,0.552288,1.52642,
613593,18.5179,0.65394,0.527386,
613836,16.9695,0.611478,0.447051,
613920,35.7946,0.681922,0.884735,
614573,133.015,0.313366,2.25744,
615201,150.972,0.152246,2.74527,
615229,10.6756,0.31155,0.216548,
615653,151.869,0.204475,2.57253,
615772,25.7231,0.66719,0.678926,
615791,115.694,0.425595,1.97279,
616352,131.746,0.349623,2.2047,
616728,71.9891,0.62173,1.35863,
617365,142.729,0.250018,2.42954,
618486,51.9823,0.641194,1.11377,
620344,53.6601,0.648582,1.15554,
620548,21.4239,0.614046,0.566966,
620651,112.321,0.432216,1.91841,
621867,138.234,0.271274,2.39076,
622148,64.1322,0.643957,1.26908,
622162,47.1868,0.695345,1.04075,
623034,112.645,0.448918,1.94082,
623586,61.216,0.638227,1.22242,
623590,68.6954,0.623143,1.33716,
623656,130.524,0.365438,2.18375,
623806,35.1578,0.711727,0.8472,
624504,38.059,0.671249,0.870829,
625545,98.6853,0.519627,1.72855,
625900,56.7408,0.368736,1.1813,
627121,18.5157,0.625618,0.502441,
629610,66.8807,0.331356,1.42202,
630189,35.6438,0.679146,0.824837,
630776,146.963,0.238356,2.50353,
633270,141.725,0.291759,2.34664,
634522,128.527,0.33876,2.20028,
634552,72.2945,0.592229,1.38026,
634555,38.7742,0.360771,0.796185,
634854,146.067,0.254968,2.48706,
634863,16.7153,0.580429,0.492219,
634915,14.9562,0.526837,0.372298,
635272,17.9454,0.590509,0.515276,
635315,53.8076,0.645188,1.16764,
637380,88.7413,0.539839,1.57047,
637454,153.767,0.190675,2.6483,
637560,98.541,0.490784,1.75296,
637952,52.1187,0.665644,1.1165,
638078,86.6575,0.561348,1.58877,
638495,12.726,0.550139,0.35354,
638556,79.4124,0.562983,1.50132,
638788,158.656,0.0878825,2.9023,
640099,154.679,0.163285,2.67,
640885,103.575,0.503872,1.77724,
641003,134.926,0.333985,2.22884,
641085,121.211,0.391678,2.02659,
641738,94.957,0.520619,1.67754,
642421,35.3516,0.684187,0.814936,
642697,106.022,0.488621,1.78462,
642966,65.9469,0.362028,1.46647,
643009,133.116,0.324849,2.21803,
643282,80.4107,0.592229,1.44945,
643334,52.4252,0.665138,1.13097,
645140,46.3074,0.700776,1.00774,
645390,149.901,0.206512,2.60567,
646664,54.6652,0.636287,1.13164,
647173,89.1044,0.560011,1.60175,
647478,9.67717,0.259124,0.158581,
647924,92.4969,0.511061,1.66277,
648278,61.3935,0.656403,1.21113,
648377,85.8879,0.554539,1.53623,
648533,136.685,0.300157,2.33255,
649421,40.736,0.362684,0.893199,
650373,123.607,0.396028,2.08571,
650885,41.7943,0.678927,0.938673,
652009,159.783,0.138765,2.77783,
653099,83.2077,0.579319,1.48727,
653730,144.393,0.235245,2.46763,
653793,37.6522,0.688443,0.914686,
654338,36.2161,0.660901,0.842164,
654514,143.27,0.258032,2.46396,
655645,106.149,0.477974,1.85173,
656999,59.0223,0.34088,1.31281,
657044,73.2862,0.61802,1.35917,
657151,62.6487,0.638635,1.21252,
657936,108.839,0.470859,1.87038,
658260,154.15,0.141043,2.74078,
658300,53.5015,0.682506,1.09744,
659127,92.5604,0.514325,1.68316,
659925,88.31,0.531102,1.62486,
659977,13.4819,0.520669,0.399176,
660556,20.7585,0.63699,0.531261,
660731,68.8378,0.62981,1.29414,
661724,126.303,0.368715,2.09693,
661853,74.3385,0.613939,1.36459,
662183,40.0073,0.309529,0.801957,
662286,107.87,0.479768,1.85045,
662594,87.3407,0.550805,1.54004,
662723,105.808,0.491922,1.77973,
663283,139.012,0.277091,2.37436,
663623,125.756,0.36087,2.11371,
663848,101.552,0.48451,1.80593,
664263,125.474,0.390509,2.05938,
664284,117.098,0.440674,1.95106,
664866,136.207,0.306408,2.27931,
666813,88.3413,0.56652,1.58212,
667341,20.9669,0.648712,0.601913,
667471,79.7929,0.598803,1.45827,
667482,153.093,0.183683,2.67451,
667619,85.4209,0.57736,1.54859,
668341,92.2132,0.223879,2.19492,
669106,87.7462,0.286625,1.92981,
669114,121.08,0.403998,2.00343,
669727,28.0984,0.690881,0.68865,
669851,56.0483,0.661132,1.18105,
671221,76.768,0.594128,1.46279,
671770,122.011,0.389802,2.09322,
672083,40.7951,0.699055,0.923775,
672390,59.6009,0.641509,1.23658,
672861,67.4643,0.639681,1.3191,
673040,140.443,0.272806,2.36935,
673162,142.329,0.252446,2.47508,
673208,89.9763,0.529333,1.6125,
673475,90.4663,0.56025,1.58193,
673586,18.5967,0.583337,0.476817,
673712,101.876,0.479905,1.81096,
673987,105.148,0.472039,1.85298,
675474,107.414,0.467891,1.83735,
676145,87.2057,0.569854,1.56004,
676643,102.439,0.507086,1.73202,
676678,59.2275,0.643276,1.2015,
677311,86.6123,0.563059,1.5279,
678564,151.047,0.190127,2.60967,
679191,54.1147,0.478168,1.0645,
679651,122.384,0.417414,2.03029,
680309,28.9792,0.672703,0.723763,
681610,136.732,0.294817,2.32832,
681738,40.4205,0.70938,0.91691,
682137,133.124,0.347546,2.19577,
682207,122.496,0.374626,2.07855,
682247,153.694,0.135608,2.79852,
682578,54.3557,0.65329,1.16193,
682936,51.7366,0.686916,1.10104,
683011,110.402,0.459984,1.87143,
683196,136.101,0.322635,2.25979,
683619,159.042,0.100125,2.84548,
685208,152.59,0.175817,2.70214,
685266,146.123,0.212627,2.58333,
686002,80.208,0.600175,1.45154,
686559,110.055,0.449163,1.8784,
687217,50.684,0.399222,1.12429,
688068,134.573,0.25497,2.4583,
688500,58.2775,0.634739,1.21751,
688810,77.4286,0.586988,1.47193,
688896,90.7582,0.540279,1.62212,
689102,124.617,0.403188,2.07045,
691056,42.1,0.689993,0.982133,
691895,18.6776,0.642702,0.510871,
691941,126.799,0.368991,2.14606,
692175,31.894,0.672817,0.790323,
693190,44.1686,0.703107,0.990699,
694839,132.201,0.341368,2.17906,
694910,80.2246,0.575347,1.44935,
695576,44.5703,0.689744,0.983947,
695922,92.1798,0.52239,1.6449,
696248,26.646,0.691765,0.671352,
696502,160.728,0.0846609,2.88607,
696665,149.377,0.21146,2.54688,
696962,78.9658,0.562827,1.49035,
697771,131.838,0.324578,2.25823,
697900,135.58,0.302567,2.34116,
698040,23.4222,0.664681,0.655302,
698556,69.2995,0.62074,1.32463,
698712,109.08,0.452642,1.90267,
698717,10.5422,0.327158,0.227495,
699482,70.6688,0.596038,1.38744,
700066,45.0938,0.369468,1.02661,
700249,70.8753,0.354643,1.51014,
700379,58.0642,0.354096,1.32573,
701447,88.0594,0.5513,1.60956,
702371,91.8387,0.542349,1.65341,
703738,149.983,0.236925,2.5144,
703767,132.259,0.319345,2.26054,
705396,111.527,0.466242,1.87448,
706228,124.899,0.393814,2.1028,
706241,76.3833,0.595295,1.43161,
707702,115.472,0.414188,1.95706,
707779,42.2075,0.681661,0.98346,
707842,49.4691,0.653892,1.08926,
707938,46.842,0.652842,1.03708,
708552,40.9289,0.682073,0.948269,
708689,139.82,0.28548,2.36124,
709103,139.643,0.258643,2.43808,
709483,11.5667,0.400705,0.258459,
709750,121.527,0.421441,1.9953,
710000,30.3366,0.706953,0.776808,
710538,47.4458,0.65126,1.04874,
711484,128.455,0.373843,2.15725,
711613,123.125,0.403323,2.03887,
711913,130.144,0.328282,2.2303,
711924,106.587,0.491112,1.80371,
712054,99.5145,0.179671,2.40593,
713748,126.391,0.385791,2.09237,
713849,108,0.478774,1.85619,
713957,108.332,0.476843,1.83797,
714340,133.604,0.321044,2.22993,
714375,90.3069,0.5246,1.65111,
714875,160.001,0.101076,2.84932,
714977,56.756,0.635774,1.1956,
715377,138.666,0.302884,2.35635,
716003,61.0706,0.639352,1.25706,
716563,92.6257,0.212734,2.1706,
717047,50.7105,0.686624,1.07747,
717341,79.5998,0.563034,1.50317,
717554,65.3901,0.630218,1.30318,
717770,121.251,0.387788,2.0808,
718889,80.6045,0.593036,1.47477,
719425,81.782,0.55961,1.4969,
719679,83.5035,0.57023,1.51097,
720299,77.4075,0.571202,1.47699,
720817,18.215,0.604038,0.473132,
720827,59.4979,0.62894,1.18744,
721234,143.036,0.291919,2.36158,
721594,139.63,0.317335,2.28464,
722285,71.8552,0.598773,1.34925,
723146,73.3643,0.606144,1.35361,
723152,144.155,0.288046,2.3816,
723211,20.4136,0.619269,0.577732,
723402,56.8104,0.630758,1.16897,
723475,107.377,0.135003,2.68401,
723542,67.6499,0.634774,1.32897,
723604,106.618,0.459316,1.82086,
724225,14.4185,0.514482,0.361023,
724593,151.347,0.172865,2.65596,
724672,24.0532,0.660246,0.636743,
724846,105.637,0.471323,1.79214,
725341,79.2201,0.582959,1.49731,
726734,73.0252,0.624009,1.36141,
726965,81.5664,0.277948,1.85524,
726985,42.1673,0.690815,0.926743,
727118,87.2134,0.531637,1.58949,
727881,53.7491,0.666181,1.09012,
728001,72.0285,0.311596,1.66423,
728153,122.158,0.410814,2.01099,
728884,100.728,0.519256,1.72564,
729166,25.901,0.664949,0.691659,
730238,147.701,0.207637,2.59996,
730427,85.1541,0.565019,1.50601,
730496,85.0016,0.564188,1.56545,
730504,137.728,0.300248,2.33312,
730902,98.4365,0.517534,1.69398,
731183,14.4729,0.520356,0.394543,
731612,71.5586,0.598757,1.34321,
731915,68.1599,0.599186,1.34587,
731943,34.8145,0.348961,0.712475,
731957,98.2681,0.235849,2.16335,
732781,52.8889,0.657133,1.08195,
733361,138.177,0.30317,2.28645,
733756,154.783,0.133183,2.7958,
734162,66.1093,0.63103,1.26238,
734826,59.3361,0.637255,1.18701,
734887,126.236,0.371545,2.11155,
735464,36.4974,0.317934,0.739523,
735657,18.8624,0.658909,0.537924,
736043,17.2413,0.592143,0.44203,
736091,75.1329,0.587678,1.43795,
736607,14.142,0.49348,0.344327,
736826,37.6063,0.662404,0.89791,
737059,25.0127,0.656531,0.675396,
737147,54.5382,0.674206,1.13667,
738369,28.4708,0.696401,0.743995,
738475,133.987,0.315931,2.24311,
738504,45.7248,0.686093,0.974132,
740648,29.2472,0.709716,0.739406,
741126,113.738,0.440929,1.89467,
742149,59.0778,0.635431,1.1734,
743088,60.1672,0.630954,1.19312,
743141,47.211,0.675631,1.04874,
744543,37.3872,0.691539,0.877449,
744551,35.0592,0.690518,0.828517,
745044,59.2309,0.640779,1.22876,
745120,89.679,0.525835,1.64366,
745534,75.0353,0.595409,1.44626,
745909,83.3286,0.586277,1.51806,
747068,55.7204,0.664854,1.17737,
747657,39.8457,0.685166,0.947257,
747697,84.3437,0.542284,1.54995,
747785,160.583,0.100166,2.88071,
748584,93.4855,0.524648,1.66999,
748591,44.9862,0.65668,0.983164,
748654,144.047,0.27146,2.38295,
748760,80.6836,0.569186,1.52425,
750160,64.3355,0.640411,1.24036,
750316,107.306,0.486033,1.81708,
750615,23.4677,0.67232,0.616917,
751916,59.1447,0.363803,1.29782,
753749,109.893,0.447768,1.8713,
754179,101.506,0.495661,1.74113,
755434,103.442,0.472083,1.78814,
755519,145.634,0.213306,2.53191,
757229,134.47,0.319423,2.29134,
757509,79.852,0.561097,1.50323,
757943,71.1523,0.620368,1.32935,
758138,22.1377,0.666801,0.628323,
758535,157.722,0.16057,2.70289,
758543,51.4376,0.65298,1.06528,
758660,21.9815,0.611466,0.575722,
758716,141.057,0.30298,2.35334,
759523,31.091,0.710614,0.76205,
759579,61.0954,0.66177,1.22713,
760586,52.7484,0.645807,1.1389,
761947,56.6451,0.664545,1.17612,
762094,100.387,0.498042,1.77966,
762367,147.206,0.236574,2.51935,
762455,70.776,0.593402,1.37791,
762467,100.16,0.206645,2.36065,
763674,120.321,0.381024,2.06789,
763829,34.9953,0.679242,0.870261,
764059,59.2715,0.654617,1.21831,
764477,46.2279,0.678468,1.01528,
765290,150.696,0.180172,2.67889,
765920,59.7422,0.644234,1.19655,
766620,103.432,0.465334,1.82226,
767398,127.89,0.366599,2.17096,
767602,140.656,0.268642,2.41588,
767649,40.2604,0.317763,0.765004,
768095,130.336,0.333073,2.24566,
768480,9.22624,0.26854,0.139789,
769011,78.1006,0.590696,1.45164,
770694,136.588,0.282784,2.37328,
771896,55.5967,0.659619,1.1157,
772136,148.188,0.246696,2.47446,
772359,19.7023,0.615328,0.504923,
772429,29.1863,0.693146,0.767155,
773131,157.469,0.148726,2.77373,
773428,87.0358,0.559424,1.55817,
773567,50.9949,0.367568,1.15462,
773717,125.395,0.366199,2.13882,
773732,29.9472,0.262385,0.485923,
775052,18.7802,0.619792,0.528167,
775341,106.803,0.464117,1.81969,
775464,90.8148,0.253925,2.0082,
776136,67.9979,0.603782,1.31053,
776653,36.4192,0.694792,0.843523,
776665,108.612,0.439148,1.89679,
776695,102.532,0.479902,1.75784,
777211,75.6963,0.588734,1.45414,
777931,81.4489,0.555577,1.49629,
778174,144.902,0.280351,2.38377,
778669,129.239,0.37512,2.13337,
779359,128.082,0.351534,2.20217,
779959,109.192,0.0937394,2.73641,
780082,68.1153,0.340198,1.48194,
781301,41.5873,0.686877,0.96341,
781593,16.8997,0.609893,0.466029,
782991,76.5462,0.592806,1.45799,
783378,105.826,0.464968,1.82195,
783428,86.7394,0.548663,1.57517,
783879,146.009,0.209355,2.58989,
783935,131.478,0.325933,2.23625,
784253,55.2531,0.641365,1.13486,
784759,123.173,0.392892,2.03799,
784766,48.0208,0.65492,1.02206,
784873,151.712,0.197036,2.6184,
785409,89.095,0.227992,2.12064,
786366,94.1922,0.538239,1.65456,
786379,98.4479,0.527389,1.68929,
787111,39.5654,0.352138,0.82004,
787392,17.5098,0.627249,0.474187,
787400,27.9429,0.679979,0.735765,
787828,107.014,0.465158,1.82357,
787942,31.8375,0.700933,0.810553,
789294,92.1172,0.552644,1.59715,
789707,75.6177,0.575687,1.4379,
790809,40.3796,0.668866,0.898672,
791022,144.608,0.222374,2.51281,
791188,74.6297,0.597561,1.44036,
791861,100.128,0.498201,1.7112,
792283,74.8096,0.586539,1.39003,
792519,77.8752,0.596785,1.41117,
792940,152.375,0.15677,2.73045,
793047,97.4056,0.502465,1.74019,
793055,103.438,0.481064,1.77573,
793089,131.227,0.325621,2.26177,
794150,124.57,0.375528,2.12524,
794323,35.0247,0.713212,0.832098,
794539,13.9476,0.488913,0.361823,
795241,52.2479,0.647463,1.09448,
795409,24.4802,0.685704,0.642269,
795783,149.236,0.180348,2.67288,
796053,152.747,0.147373,2.71651,
796106,124.867,0.400749,2.04165,
797049,93.0258,0.54518,1.61321,
797507,68.5196,0.638443,1.29657,
797586,35.1996,0.678481,0.873741,
797638,38.7361,0.70282,0.878476,
798279,69.197,0.60701,1.36888,
798863,68.0709,0.636339,1.30008,
798889,46.1636,0.689483,1.03811,
799433,108.101,0.459953,1.82906,
799555,70.2745,0.612336,1.36513,
799556,35.3736,0.712218,0.843256,
799894,143.932,0.228949,2.52871,
801538,153.137,0.212764,2.57408,
802801,71.6127,0.596841,1.36028,
802944,90.9373,0.53933,1.64365,
802949,26.7167,0.662825,0.655645,
803046,133.476,0.35735,2.19211,
803506,33.3825,0.681186,0.835324,
803616,151.919,0.203049,2.62277,
803697,109.695,0.45437,1.91211,
803848,88.6956,0.547742,1.60826,
804653,9.73123,0.377305,0.241995,
804756,150.821,0.231389,2.51157,
804973,54.0645,0.668566,1.10118,
805560,137.261,0.288288,2.3233,
806772,156.754,0.0700639,2.94971,
807067,19.0952,0.625769,0.527794,
807931,139.796,0.317023,2.30458,
807965,43.5597,0.675114,0.978029,
808115,117.675,0.408443,2.03928,
808330,51.3186,0.668478,1.08203,
808776,129.957,0.342026,2.22394,
809030,19.3043,0.623388,0.558421,
809332,155.19,0.169125,2.66277,
810014,125.684,0.396652,2.09029,
810517,110.405,0.457228,1.84524,
811102,49.8875,0.639745,1.09503,
811548,147.552,0.225251,2.55762,
812430,95.072,0.186077,2.31448,
812809,24.3888,0.667726,0.660002,
812884,138.399,0.282218,2.33766,
813203,71.8822,0.622766,1.33364,
813344,145.387,0.252032,2.47726,
814169,41.6791,0.681535,0.927627,
814466,110.866,0.466028,1.87839,
814544,115.194,0.454176,1.92076,
814590,141.792,0.253319,2.42053,
815385,154.922,0.102035,2.84718,
815393,149.473,0.183743,2.61826,
816557,90.8898,0.519026,1.65239,
817134,103.505,0.470712,1.78892,
818341,12.7207,0.463045,0.34729,
818720,16.3952,0.561337,0.416234,
818789,90.7181,0.548206,1.57551,
819917,129.226,0.354263,2.20812,
820183,68.4111,0.62642,1.2909,
820279,38.9743,0.690969,0.884031,
821233,86.6017,0.266328,2.0462,
821277,76.1917,0.593528,1.40187,
821427,134.784,0.310528,2.31349,
822726,17.8567,0.639338,0.493325,
822824,158.378,0.10532,2.82817,
823792,76.5893,0.59052,1.45077,
824187,56.4263,0.642418,1.18644,
824256,86.9327,0.537486,1.57216,
824356,52.7053,0.669357,1.11827,
824735,91.7519,0.517137,1.67107,
825787,10.5283,0.407229,0.281809,
825853,74.7664,0.600002,1.40539,
826685,66.0582,0.648938,1.27565,
827916,158.275,0.129445,2.81929,
828508,28.8194,0.694721,0.75336,
828553,133.002,0.353924,2.17657,
829205,20.8187,0.621629,0.538022,
830347,91.5351,0.53658,1.62811,
830424,154.786,0.0780551,2.91512,
830932,93.3449,0.548969,1.63542,
831769,51.6939,0.673811,1.11923,
833085,57.0925,0.669817,1.14147,
833321,14.285,0.520236,0.410652,
834039,28.4985,0.680764,0.727657,
834691,152.571,0.125681,2.7947,
834967,123.211,0.393607,2.05313,
835952,70.4854,0.602059,1.38778,
836098,70.3722,0.612965,1.36483,
837371,145.312,0.218181,2.53183,
838870,125.678,0.371898,2.15497,
840262,77.8341,0.569801,1.44583,
840717,81.4532,0.313076,1.73179,
840941,11.1151,0.39144,0.225535,
841128,83.8361,0.577362,1.52261,
841866,82.7139,0.570185,1.54371,
842439,30.4554,0.676605,0.774799,
842575,11.0825,0.376149,0.272733,
843467,37.8488,0.328984,0.674983,
844158,22.8752,0.659884,0.581128,
844177,61.1153,0.640206,1.19162,
844326,143.805,0.227996,2.53256,
844594,85.7121,0.579895,1.5329,
844968,86.8763,0.561166,1.54095,
845424,83.951,0.298186,1.8521,
845687,125.109,0.391763,2.05342,
846085,44.0341,0.686959,1.01156,
846163,112.939,0.452531,1.90702,
846598,155.292,0.0756566,2.95192,
846738,82.1777,0.550826,1.52911,
846820,104.158,0.499431,1.77599,
846868,156.178,0.113793,2.8241,
847809,78.1666,0.568608,1.48767,
848438,33.5262,0.696726,0.818961,
848604,42.86,0.697599,0.957421,
848958,70.8703,0.620238,1.32327,
849309,58.0783,0.655751,1.20723,
849388,31.6873,0.673898,0.780621,
849434,91.3921,0.543124,1.59859,
849840,49.3702,0.681476,1.04152,
850331,107.345,0.45079,1.85021,
850354,31.6014,0.682925,0.813127,
850741,26.6996,0.680046,0.673148,
850977,43.4794,0.372347,0.940948,
850988,93.0111,0.535335,1.62543,
850997,80.3917,0.574826,1.45359,
851893,15.6466,0.615441,0.454743,
852296,75.1436,0.596605,1.40587,
852580,46.1201,0.701182,1.00629,
853025,36.5732,0.695368,0.846437,
853327,46.1644,0.660264,1.04043,
853377,57.6615,0.655274,1.20598,
854237,58.5392,0.625331,1.1961,
854501,161.804,0.0988782,2.89339,
854773,47.6537,0.665908,1.05311,
854939,101.899,0.511982,1.74994,
855161,95.8439,0.519451,1.65633,
855628,82.1523,0.554381,1.50679,
855775,122.795,0.403477,2.06457,
856301,91.396,0.506904,1.7099,
856462,113.049,0.426335,1.92419,
857295,139.786,0.29747,2.35565,
859048,150.551,0.196834,2.594,
859265,67.6389,0.602812,1.32068,
859683,76.9373,0.601696,1.44552,
860402,156.978,0.0712393,2.91632,
861099,150.305,0.178123,2.62984,
862620,98.1044,0.507656,1.71989,
862753,101.452,0.478448,1.80507,
862981,82.7097,0.268929,1.86206,
863424,152.867,0.171675,2.65868,
863710,154.143,0.105485,2.85678,
864978,113.898,0.419116,1.96709,
864980,77.907,0.600992,1.4214,
864998,96.924,0.531976,1.69507,
865605,67.2665,0.628195,1.30653,
866238,16.8984,0.570964,0.461781,
866504,89.4428,0.535891,1.59853,
866866,58.1597,0.652334,1.15066,
867307,45.0055,0.693865,0.98697,
868701,63.0904,0.654714,1.22839,
869238,48.0194,0.377414,1.04493,
869637,140.766,0.251628,2.4626,
870099,81.0959,0.583553,1.51487,
870234,131.498,0.321662,2.27596,
870255,86.0972,0.558042,1.57776,
870674,135.984,0.304854,2.31563,
871151,124.078,0.388275,2.05589,
872461,54.4731,0.664234,1.16323,
872683,148.992,0.196512,2.62557,
872940,126.949,0.355256,2.14579,
873225,107.135,0.157477,2.46441,
873985,143.905,0.242294,2.5036,
874321,12.0198,0.513537,0.327652,
874405,65.14,0.624338,1.27593,
874409,108.229,0.451091,1.8627,
874462,97.0953,0.219185,2.31438,
875075,92.3001,0.5454,1.62377,
875929,158.272,0.0995201,2.9085,
876145,36.9923,0.308342,0.725986,
876368,57.6774,0.644921,1.18168,
878923,151.174,0.146603,2.72465,
879544,43.8782,0.665938,0.961658,
880313,56.4073,0.642063,1.15802,
881220,68.7297,0.341578,1.56027,
881234,140.39,0.300703,2.35272,
882140,148.749,0.228245,2.51503,
882890,95.1211,0.504938,1.70905,
883537,129.86,0.337146,2.23569,
883814,58.5708,0.383945,1.33318,
884004,10.6786,0.343804,0.231795,
884771,146.624,0.185985,2.62091,
884874,71.2072,0.608544,1.38132,
885983,49.2554,0.68194,1.07683,
886191,132.908,0.338664,2.20891,
886995,62.2834,0.619773,1.22994,
888137,13.3127,0.567574,0.389996,
889057,34.4398,0.707837,0.809591,
889767,13.582,0.513903,0.398245,
890354,48.5365,0.355629,1.10764,
890399,128.81,0.381002,2.13355,
891134,89.834,0.56357,1.57458,
892015,150.759,0.160166,2.71999,
892168,70.4879,0.591684,1.37727,
892819,36.9522,0.711857,0.860184,
893781,20.9577,0.633588,0.536617,
894483,53.7526,0.671134,1.09329,
894516,62.805,0.636479,1.21567,
894592,84.3349,0.572551,1.51753,
896068,139.862,0.300013,2.33482,
896348,82.6231,0.565699,1.53192,
896839,66.7144,0.613194,1.29602,
896897,105.82,0.48008,1.78815,
896913,92.4039,0.519425,1.68228,
897544,79.2715,0.581046,1.43854,
897859,93.7849,0.527569,1.624,
898495,143.774,0.250978,2.46831,
899126,34.0583,0.322491,0.661449,
899641,106.693,0.143255,2.57825,
900200,123.894,0.370216,2.09024,
901351,76.5817,0.599897,1.43332,
902720,57.3597,0.651367,1.17724,
902781,117.42,0.406747,1.99138,
903685,127.43,0.346839,2.18121,
903857,15.9653,0.573358,0.427411,
904671,100.742,0.514171,1.74343,
904893,120.6,0.420411,2.01436,
907541,40.8555,0.355685,0.88168,
908307,9.77907,0.386759,0.217225,
908642,19.9581,0.601801,0.560187,
908963,153.328,0.199509,2.58931,
910167,76.8414,0.60486,1.40225,
910991,115.7,0.414068,1.96372,
912027,12.2893,0.438623,0.293647,
912239,31.4137,0.652553,0.773401,
912248,79.7759,0.593838,1.45346,
912535,150.842,0.149716,2.74576,
913855,91.0403,0.529631,1.62925,
913868,86.6688,0.554405,1.53185,
914192,54.4316,0.384376,1.225,
914306,103.076,0.474396,1.80234,
915237,12.6049,0.473562,0.293616,
915817,152.768,0.185313,2.61387,
916536,68.7947,0.597418,1.32921,
916615,27.1715,0.663203,0.727674,
917153,41.794,0.63506,1.02367,
917567,16.9264,0.56634,0.437876,
918063,63.8784,0.633863,1.29358,
918253,49.0929,0.382728,1.06178,
918580,21.3398,0.646881,0.549734,
918795,31.4153,0.286384,0.504894,
919374,49.872,0.659138,1.06819,
919730,95.2025,0.535557,1.68375,
920957,51.533,0.685096,1.06739,
921181,32.1727,0.692461,0.797901,
921290,73.0639,0.592681,1.41455,
921426,64.8698,0.644149,1.24162,
921998,22.0085,0.615803,0.596408,
922883,32.3166,0.694089,0.815904,
922941,104.525,0.463285,1.80598,
923976,114.048,0.419812,1.95055,
924378,96.4605,0.527158,1.66632,
924598,55.0568,0.65859,1.11398,
924623,109.335,0.475045,1.83891,
924932,122.632,0.370659,2.11218,
925298,85.1107,0.572505,1.52994,
925370,68.0151,0.599731,1.3259,
926199,106.343,0.489393,1.77987,
926757,133.642,0.325652,2.21794,
927338,29.5423,0.235251,0.506005,
929779,67.2162,0.64375,1.30667,
930035,49.8387,0.676581,1.04292,
930210,146.352,0.263746,2.4617,
930510,139.441,0.275648,2.41587,
930570,61.4687,0.632366,1.21516,
930651,102.129,0.483002,1.76806,
930890,23.3279,0.671404,0.596146,
931195,148.783,0.220648,2.51292,
931565,47.7966,0.691679,1.03258,
931813,117.091,0.429637,1.96851,
931921,152.852,0.185335,2.64273,
932186,114.304,0.442692,1.947,
932697,88.5732,0.535892,1.59324,
932793,98.285,0.530077,1.69101,
933481,71.0096,0.626417,1.36957,
934202,91.8113,0.550015,1.63706,
935889,8.88187,0.0150941,0.017928,
936019,128.578,0.341969,2.20271,
936572,68.138,0.629501,1.28375,
936693,74.8581,0.580347,1.43668,
936775,43.2935,0.681226,0.939861,
937796,110.153,0.454337,1.91649,
938318,78.2994,0.599854,1.46007,
938526,58.5219,0.640485,1.16551,
939016,40.1123,0.363507,0.806559,
939573,81.9247,0.581023,1.52471,
942181,66.468,0.617559,1.32322,
942776,68.5671,0.635113,1.2945,
943723,147.351,0.261268,2.43973,
947304,105.943,0.496139,1.78221,
947760,23.0248,0.63863,0.621038,
948821,15.2444,0.509396,0.406004,
949870,94.9028,0.536023,1.67735,
950547,108.239,0.457197,1.86635,
950885,86.3699,0.542683,1.54688,
951084,57.0243,0.666687,1.15023,
951329,40.0183,0.674784,0.891704,
951350,99.6577,0.507743,1.70053,
951986,60.6995,0.641825,1.25113,
952384,87.9982,0.547816,1.58009,
953169,8.9185,0.299376,0.194542,
953234,148.729,0.251978,2.48205,
953441,132.865,0.313698,2.2786,
953527,45.756,0.696049,0.982237,
953585,105.012,0.499125,1.79471,
953887,63.5033,0.626398,1.25591,
954094,18.6302,0.582772,0.523135,
954213,137.684,0.286698,2.36992,
954233,93.2028,0.25057,2.13299,
954546,106.786,0.47256,1.83125,
954570,155.302,0.180935,2.64926,
954652,83.7066,0.581991,1.51134,
954908,131.938,0.318072,2.24885,
955568,40.8416,0.679723,0.904527,
955893,24.0795,0.669767,0.606966,
957311,132.492,0.326656,2.21246,
957695,80.6023,0.557618,1.51011,
958936,138.029,0.326734,2.28081,
959703,86.4272,0.555945,1.52731,
959881,112.83,0.447788,1.9332,
960345,36.5983,0.689848,0.837314,
960555,72.1285,0.597056,1.40008,
960950,116.63,0.444197,1.93847,
962123,70.0643,0.625836,1.31831,
962579,142.82,0.229701,2.50731,
962632,91.6006,0.515173,1.65817,
962673,29.8598,0.675439,0.738148,
962699,41.4399,0.676871,0.966306,
963161,74.7175,0.614391,1.41562,
964067,110.282,0.44599,1.86359,
964128,82.3597,0.556442,1.50023,
964359,58.5047,0.635555,1.16835,
965218,49.8244,0.693319,1.06426,
966065,103.159,0.494561,1.80302,
966267,36.5605,0.690933,0.831194,
966331,139.347,0.279457,2.3585,
966500,23.2156,0.623552,0.595253,
967509,59.1184,0.654903,1.20526,
968659,87.6548,0.567299,1.57679,
969115,121.697,0.421768,2.01461,
969802,51.1791,0.65574,1.11834,
970232,20.8562,0.632617,0.534775,
970734,89.1714,0.27488,2.00727,
970982,91.4976,0.543279,1.60185,
971438,27.148,0.648139,0.714416,
973027,70.1669,0.593922,1.34573,
973204,131.609,0.361069,2.15168,
973863,137.787,0.305742,2.33369,
974224,89.5276,0.54744,1.57339,
974252,17.4114,0.591883,0.508394,
974842,72.1444,0.603093,1.40879,
975243,150.638,0.217352,2.53262,
975640,31.0161,0.652589,0.761286,
976639,155.959,0.086946,2.93254,
977033,126.738,0.356389,2.12559,
977098,32.5375,0.244276,0.469827,
977196,159.735,0.0841868,2.95054,
977508,24.6955,0.669945,0.634923,
977823,94.5396,0.529746,1.64995,
978863,124.456,0.367377,2.09869,
979252,58.7649,0.670491,1.1766,
980677,147.774,0.223529,2.56006,
980958,103.355,0.484365,1.78381,
981142,82.6693,0.561494,1.51526,
981556,39.837,0.686367,0.949832,
982296,92.9901,0.526991,1.64514,
983544,107.467,0.468089,1.8672,
983569,42.8264,0.695529,0.966131,
984063,34.7068,0.667369,0.854641,
984548,113.111,0.437817,1.94666,
985882,33.2018,0.695719,0.835653,
986198,72.3342,0.597723,1.41307,
986273,62.8483,0.645655,1.21685,
987662,45.5193,0.691548,1.01508,
988113,147.054,0.203409,2.57357,
988396,155.023,0.144036,2.75749,
988783,19.4044,0.615887,0.546888,
988924,126.342,0.358916,2.15808,
989749,57.1563,0.675031,1.16398,
990352,135.294,0.294329,2.34633,
990887,40.9518,0.365938,0.875334,
991293,97.2742,0.503976,1.73295,
992442,20.6467,0.667151,0.550243,
992446,78.223,0.589417,1.4815,
992755,30.1902,0.263294,0.497675,
992993,103.304,0.412642,1.91262,
993497,54.2933,0.663281,1.1447,
993581,83.6461,0.551207,1.52424,
993725,24.6624,0.688309,0.631124,
993819,25.9838,0.183087,0.3327,
995346,51.3785,0.666316,1.09073,
995955,40.6869,0.691403,0.901607,
996733,80.6059,0.575186,1.4966,
997789,126.528,0.350949,2.18818,
998122,159.82,0.0946635,2.86963,
998817,35.8582,0.697666,0.875018,
999633,28.1849,0.707556,0.723718,
999913,67.8947,0.62991,1.33657,
