eventID,energy,
95,0.02892,
151,0.02892,
361,0.02892,
427,0.02892,
441,0.02892,
819,0.02892,
958,0.02892,
1091,0.02892,
1135,0.02892,
1266,0.02892,
1960,0.02892,
2096,0.02892,
2207,0.02892,
2329,0.01462,
2990,0.02892,
3271,0.02892,
3311,0.01443,
3965,0.02892,
4238,0.02892,
4332,0.02892,
4485,0.02892,
4875,0.02892,
4959,0.02892,
5577,0.02892,
5649,0.02892,
5730,0.02892,
6264,0.02892,
6537,0.02892,
6735,0.02892,
6795,0.02892,
7463,0.02892,
7689,0.02892,
7876,0.02892,
8009,0.02892,
8323,0.02892,
8404,0.02892,
8513,0.01462,
8648,0.02892,
8663,0.02892,
8673,0.02892,
9252,0.02892,
9428,0.02892,
9879,0.02892,
9996,0.02892,
10248,0.02892,
10360,0.02892,
10798,0.02892,
10955,0.02892,
11171,0.02892,
11183,0.02892,
11401,0.02892,
11526,0.02892,
11673,0.02892,
12211,0.02892,
12264,0.02892,
12360,0.02892,
12771,0.02892,
12924,0.02892,
12950,0.02892,
13573,0.02892,
13643,0.02892,
14118,0.02892,
14286,0.02892,
14680,0.02892,
14740,0.02892,
15371,0.02892,
15392,0.02892,
15652,0.01443,
15924,0.02892,
16151,0.02892,
16346,0.02892,
16929,0.02892,
16983,0.02892,
17096,0.02892,
17707,0.02892,
17780,0.02892,
18080,0.02892,
18242,0.02892,
18417,0.02892,
18961,0.02892,
19018,0.02892,
19728,0.02892,
19804,0.02892,
19853,0.02892,
20052,0.02892,
20297,0.01462,
20395,0.02892,
20450,0.02892,
20459,0.02892,
20481,0.02892,
20654,0.02892,
21150,0.02892,
21186,0.02892,
21340,0.02892,
21364,0.02892,
21529,0.02892,
21748,0.01462,
21893,0.02892,
22302,0.01443,
22375,0.02892,
22504,0.02892,
22579,0.02892,
22599,0.02892,
23093,0.02892,
23373,0.02892,
23430,0.02892,
23671,0.02892,
23672,0.02892,
23700,0.02892,
24075,0.02892,
24766,0.02892,
25081,0.02892,
25121,0.02892,
25140,0.02892,
25215,0.02892,
25299,0.02892,
25336,0.02892,
25365,0.01462,
25368,0.02892,
25647,0.02892,
25699,0.02892,
25744,0.02892,
25946,0.02892,
26072,0.02892,
26340,0.02892,
26513,0.02892,
26592,0.02892,
26616,0.02892,
26839,0.02892,
26902,0.02892,
27168,0.02892,
27212,0.02892,
27911,0.02892,
28341,0.02892,
28396,0.02892,
28578,0.02892,
28783,0.02892,
28914,0.01443,
28923,0.02892,
28932,0.02892,
29121,0.02892,
29145,0.02892,
29147,0.02892,
29481,0.02892,
29579,0.02892,
29879,0.02892,
30495,0.02892,
30723,0.02892,
30958,0.02892,
31435,0.02892,
31705,0.02892,
31919,0.02892,
31988,0.02892,
32108,0.02892,
32389,0.02892,
32430,0.02892,
32912,0.02892,
33296,0.02892,
33559,0.02892,
33703,0.02892,
33795,0.02892,
34005,0.01462,
34097,0.02892,
34518,0.02892,
34660,0.02892,
35123,0.02892,
35581,0.02892,
36019,0.02892,
36544,0.02892,
36598,0.02892,
36714,0.02892,
36825,0.02892,
36869,0.02892,
37141,0.02892,
37223,0.02892,
37422,0.02892,
37551,0.02892,
37863,0.02892,
37897,0.02892,
37940,0.02892,
38086,0.02892,
38450,0.02892,
38603,0.02892,
39048,0.02892,
39145,0.02892,
39644,0.02892,
39713,0.02892,
39869,0.02892,
39990,0.02892,
40093,0.02892,
40383,0.02892,
40538,0.02892,
40833,0.02892,
40842,0.02892,
40858,0.02892,
40891,0.02892,
40930,0.02892,
41045,0.02892,
41213,0.02892,
41299,0.02892,
41453,0.02892,
41582,0.02892,
41765,0.02892,
42636,0.02892,
43029,0.02892,
43032,0.02892,
43135,0.02892,
43143,0.02892,
43163,0.02892,
43571,0.02892,
43608,0.02892,
43850,0.01443,
43990,0.02892,
44309,0.01443,
44345,0.02892,
44421,0.02892,
45068,0.02892,
45203,0.02892,
45268,0.02892,
45953,0.02892,
46303,0.02892,
46941,0.02892,
47008,0.02892,
47075,0.02892,
47273,0.02892,
47274,0.02892,
47881,0.02892,
47889,0.02892,
48411,0.02892,
48759,0.02892,
48793,0.02892,
48806,0.02892,
48910,0.02892,
49003,0.02892,
49224,0.02892,
49302,0.02892,
49382,0.02892,
49434,0.02892,
49654,0.02892,
50211,0.02892,
50237,0.02892,
50411,0.02892,
50514,0.02892,
51298,0.02892,
51935,0.02892,
52042,0.02892,
52133,0.02892,
52339,0.02892,
52582,0.02892,
52656,0.02892,
52973,0.02892,
53121,0.02892,
53772,0.02892,
54522,0.02892,
54737,0.02892,
54760,0.02892,
54913,0.02892,
55027,0.02892,
55333,0.02892,
55475,0.02892,
55825,0.02892,
56159,0.02892,
56366,0.02892,
56709,0.02892,
56862,0.02892,
57398,0.02892,
58061,0.02892,
58216,0.02892,
58265,0.02892,
58483,0.02892,
58780,0.02892,
58937,0.02892,
59241,0.02892,
59451,0.02892,
60240,0.02892,
60304,0.02892,
60478,0.02892,
61244,0.02892,
61581,0.02892,
61598,0.01462,
61906,0.02892,
62400,0.01443,
62556,0.02892,
63092,0.02892,
63218,0.02892,
63282,0.02892,
63361,0.02892,
63409,0.02892,
63949,0.02892,
64128,0.02892,
64388,0.02892,
64591,0.02892,
64683,0.01443,
64876,0.02892,
65341,0.02892,
65853,0.02892,
65979,0.02892,
66168,0.02892,
66292,0.02892,
66582,0.02892,
66658,0.02892,
66716,0.02892,
66720,0.02892,
66724,0.02892,
66891,0.02892,
66897,0.02892,
66907,0.02892,
67143,0.02892,
67148,0.02892,
67431,0.02892,
67727,0.02892,
68144,0.01443,
68565,0.02892,
68634,0.02892,
68651,0.01462,
68830,0.02892,
69096,0.02892,
69332,0.02892,
69772,0.02892,
69775,0.02892,
69957,0.02892,
69986,0.02892,
70139,0.02892,
70316,0.02892,
70481,0.02892,
70631,0.02892,
70735,0.02892,
71375,0.02892,
71616,0.02892,
71637,0.02892,
71699,0.02892,
71850,0.02892,
71941,0.02892,
72105,0.02892,
72259,0.02892,
72282,0.02892,
72410,0.02892,
72437,0.02892,
72759,0.02892,
72929,0.02892,
72997,0.02892,
73079,0.02892,
73358,0.02892,
73368,0.02892,
73429,0.02892,
73966,0.02892,
74037,0.02892,
74145,0.02892,
74168,0.02892,
74615,0.02892,
74679,0.02892,
74840,0.02892,
74903,0.02892,
74969,0.02892,
75068,0.02892,
75371,0.02892,
75601,0.02892,
75642,0.02892,
75739,0.02892,
75766,0.02892,
75773,0.01443,
75974,0.02892,
76101,0.02892,
76518,0.02892,
76754,0.02892,
76870,0.02892,
77052,0.02892,
77198,0.02892,
77269,0.02892,
77490,0.01462,
77609,0.02892,
77697,0.01443,
77707,0.02892,
77708,0.02892,
77751,0.02892,
77980,0.02892,
78145,0.02892,
78342,0.02892,
78588,0.02892,
78845,0.02892,
78874,0.02892,
79068,0.02892,
79136,0.01462,
79242,0.02892,
79482,0.02892,
79666,0.02892,
79922,0.02892,
80014,0.02892,
80252,0.02892,
80521,0.02892,
80559,0.02892,
80574,0.02892,
80612,0.02892,
80733,0.02892,
81205,0.02892,
81358,0.02892,
81367,0.02892,
81520,0.02892,
81674,0.02892,
81764,0.02892,
81829,0.02892,
82501,0.02892,
82610,0.02892,
82852,0.02892,
82908,0.02892,
83672,0.02892,
84319,0.02892,
84622,0.02892,
84649,0.02892,
85101,0.02892,
85458,0.02892,
85591,0.02892,
85671,0.02892,
86119,0.02892,
86246,0.02892,
86391,0.02892,
86641,0.02892,
86765,0.02892,
87352,0.02892,
87986,0.02892,
87998,0.02892,
88014,0.02892,
88091,0.02892,
88125,0.02892,
88610,0.02892,
88838,0.02892,
89027,0.02892,
89179,0.02892,
89335,0.02892,
90396,0.02892,
90452,0.02892,
90469,0.02892,
90495,0.02892,
90796,0.02892,
90800,0.02892,
91286,0.02892,
91294,0.02892,
91415,0.02892,
92472,0.02892,
92604,0.02892,
92747,0.02892,
94302,0.02892,
94318,0.02892,
94593,0.02892,
94785,0.02892,
95432,0.02892,
95906,0.02892,
96683,0.02892,
97264,0.02892,
97386,0.02892,
97517,0.02892,
97879,0.02892,
98060,0.02892,
98705,0.02892,
98884,0.01462,
99473,0.02892,
99595,0.01443,
99673,0.02892,
99701,0.02892,
99778,0.02892,
100269,0.02892,
100362,0.02892,
100387,0.02892,
100497,0.02892,
100753,0.02892,
100811,0.02892,
100917,0.02892,
100983,0.02892,
101083,0.02892,
101112,0.02892,
101144,0.02892,
101449,0.02892,
101655,0.02892,
101664,0.02892,
102072,0.02892,
102345,0.02892,
102450,0.02892,
102535,0.02892,
102556,0.02892,
102683,0.01462,
102733,0.02892,
102880,0.02892,
102917,0.02892,
103030,0.02892,
103124,0.02892,
103337,0.02892,
103776,0.02892,
103840,0.02892,
103851,0.02892,
104094,0.02892,
104388,0.02892,
104677,0.02892,
104759,0.02892,
104930,0.02892,
105804,0.02892,
106159,0.02892,
106466,0.02892,
106571,0.02892,
106702,0.02892,
106903,0.02892,
106989,0.02892,
107050,0.02892,
107091,0.02892,
107358,0.02892,
107534,0.02892,
107969,0.02892,
108044,0.01462,
108137,0.02892,
108163,0.02892,
108351,0.02892,
108618,0.02892,
108749,0.02892,
109125,0.02892,
109215,0.02892,
109302,0.02892,
109739,0.02892,
110562,0.02892,
110572,0.02892,
110849,0.02892,
110946,0.02892,
111097,0.02892,
111462,0.02892,
111638,0.02892,
111744,0.02892,
111814,0.02892,
111990,0.02892,
112158,0.02892,
112579,0.02892,
112685,0.02892,
112882,0.02892,
113287,0.02892,
113320,0.02892,
113415,0.02892,
113628,0.02892,
113650,0.02892,
113832,0.02892,
113896,0.02892,
114393,0.02892,
114458,0.02892,
114614,0.02892,
115052,0.02892,
115157,0.02892,
115408,0.02892,
115549,0.02892,
115760,0.02892,
115878,0.02892,
115967,0.02892,
116174,0.02892,
116201,0.02892,
116457,0.02892,
117209,0.01462,
117306,0.02892,
117866,0.02892,
118307,0.02892,
118419,0.02892,
118898,0.02892,
119027,0.02892,
119071,0.02892,
119076,0.02892,
119461,0.02892,
119549,0.02892,
119892,0.02892,
120190,0.01462,
120289,0.02892,
120575,0.02892,
121109,0.02892,
121601,0.02892,
121789,0.02892,
121894,0.02892,
121958,0.02892,
122181,0.02892,
122810,0.02892,
123310,0.02892,
123324,0.02892,
123328,0.02892,
123660,0.02892,
123688,0.01462,
123857,0.02892,
124404,0.02892,
124531,0.02892,
124975,0.02892,
125545,0.02892,
125550,0.02892,
125563,0.02892,
125888,0.02892,
126047,0.02892,
126151,0.02892,
126332,0.02892,
126357,0.02892,
126409,0.02892,
126653,0.02892,
126745,0.02892,
127300,0.02892,
127564,0.02892,
127761,0.02892,
127782,0.02892,
128033,0.02892,
128553,0.02892,
128770,0.02892,
128928,0.02892,
129066,0.02892,
129454,0.02892,
129479,0.02892,
129590,0.02892,
129693,0.02892,
129700,0.02892,
130190,0.02892,
130543,0.02892,
130982,0.02892,
131260,0.02892,
131616,0.02892,
131659,0.02892,
131859,0.02892,
131955,0.02892,
132499,0.02892,
132880,0.02892,
133196,0.02892,
133429,0.02892,
133465,0.02892,
133720,0.02892,
133849,0.02892,
133960,0.02892,
134109,0.02892,
134513,0.02892,
134828,0.02892,
134954,0.02892,
135545,0.02892,
135665,0.02892,
135708,0.02892,
136088,0.02892,
136264,0.02892,
136757,0.02892,
136821,0.02892,
136920,0.02892,
137210,0.02892,
137727,0.02892,
137889,0.02892,
138030,0.02892,
138157,0.02892,
138494,0.02892,
138731,0.02892,
139090,0.02892,
139227,0.02892,
139496,0.02892,
139958,0.01443,
139965,0.02892,
140207,0.02892,
140235,0.02892,
140684,0.01462,
140978,0.02892,
141213,0.02892,
141286,0.01462,
141357,0.02892,
141528,0.02892,
141666,0.02892,
141817,0.02892,
141928,0.01462,
142119,0.02892,
142256,0.02892,
142370,0.01443,
142509,0.01462,
142710,0.02892,
142944,0.02892,
143272,0.02892,
143332,0.02892,
143532,0.02892,
143542,0.02892,
143556,0.02892,
143816,0.02892,
143942,0.02892,
144474,0.02892,
144580,0.02892,
144721,0.02892,
144808,0.02892,
144873,0.02892,
144943,0.02892,
144964,0.02892,
145066,0.02892,
145122,0.02892,
145533,0.02892,
145783,0.02892,
146086,0.02892,
146125,0.02892,
146397,0.02892,
146667,0.01443,
146759,0.02892,
146805,0.02892,
146873,0.02892,
147251,0.02892,
147381,0.02892,
148134,0.02892,
148176,0.02892,
148207,0.02892,
148303,0.02892,
148354,0.02892,
148411,0.02892,
148485,0.02892,
148500,0.02892,
149015,0.02892,
149017,0.02892,
149383,0.02892,
149486,0.02892,
149549,0.02892,
149648,0.02892,
149899,0.02892,
149950,0.02892,
150156,0.02892,
150395,0.02892,
150432,0.02892,
150488,0.02892,
151049,0.02892,
151213,0.02892,
151376,0.01443,
151688,0.02892,
151705,0.02892,
151772,0.02892,
151918,0.02892,
151947,0.02892,
152055,0.01443,
153208,0.02892,
153237,0.02892,
153295,0.01443,
153389,0.02892,
153661,0.02892,
153855,0.02892,
154253,0.02892,
155035,0.02892,
155323,0.02892,
155534,0.02892,
155833,0.02892,
155936,0.02892,
155943,0.01462,
156055,0.02892,
156216,0.02892,
156266,0.02892,
156273,0.02892,
156398,0.02892,
156651,0.02892,
156676,0.02892,
156714,0.02892,
156839,0.02892,
156996,0.02892,
157206,0.02892,
157228,0.02892,
157739,0.02892,
158157,0.02892,
158316,0.02892,
159019,0.02892,
159432,0.02892,
160422,0.02892,
160588,0.02892,
161235,0.02892,
161386,0.02892,
161886,0.02892,
161934,0.02892,
161996,0.02892,
162374,0.02892,
162552,0.02892,
162608,0.02892,
162890,0.02892,
162928,0.02892,
163094,0.02892,
163342,0.02892,
163557,0.01462,
163564,0.02892,
163990,0.02892,
164111,0.02892,
164167,0.02892,
164181,0.01462,
164276,0.02892,
164479,0.02892,
164591,0.02892,
164633,0.02892,
164659,0.02892,
164989,0.02892,
165156,0.02892,
165159,0.02892,
165349,0.02892,
165487,0.02892,
165595,0.02892,
165783,0.02892,
165816,0.02892,
165925,0.02892,
165962,0.02892,
166131,0.02892,
166197,0.02892,
166288,0.02892,
166336,0.02892,
166440,0.02892,
166454,0.02892,
166539,0.02892,
166926,0.02892,
167047,0.02892,
167503,0.02892,
167579,0.02892,
167700,0.02892,
168553,0.02892,
168658,0.02892,
168693,0.02892,
169183,0.02892,
169302,0.02892,
169379,0.02892,
169604,0.01443,
169805,0.02892,
169858,0.02892,
170609,0.02892,
170829,0.02892,
171052,0.02892,
171210,0.02892,
171587,0.02892,
171720,0.02892,
171788,0.02892,
172010,0.02892,
172041,0.02892,
172225,0.02892,
172233,0.01443,
172249,0.02892,
172360,0.02892,
172389,0.02892,
172515,0.02892,
172616,0.02892,
172669,0.02892,
172989,0.02892,
173077,0.02892,
173366,0.02892,
173545,0.02892,
174110,0.02892,
174340,0.02892,
174343,0.02892,
174358,0.02892,
174810,0.02892,
174823,0.02892,
174854,0.01443,
174941,0.02892,
175019,0.02892,
175042,0.02892,
175232,0.02892,
175256,0.02892,
175269,0.02892,
175305,0.02892,
175605,0.02892,
176011,0.02892,
176032,0.02892,
176103,0.02892,
176120,0.01443,
176486,0.02892,
176490,0.02892,
176515,0.02892,
176544,0.02892,
176744,0.02892,
176916,0.02892,
177474,0.02892,
177620,0.02892,
178564,0.02892,
179186,0.02892,
179538,0.02892,
179578,0.02892,
179769,0.02892,
179894,0.02892,
180007,0.02892,
180040,0.02892,
180170,0.02892,
180347,0.02892,
180422,0.02892,
180485,0.01443,
180724,0.02892,
180996,0.02892,
181048,0.02892,
181157,0.02892,
181463,0.02892,
181486,0.01462,
181542,0.02892,
181686,0.02892,
181861,0.02892,
182313,0.02892,
182375,0.02892,
182467,0.02892,
183341,0.02892,
183420,0.02892,
183697,0.02892,
183746,0.02892,
184043,0.02892,
184589,0.02892,
184647,0.02892,
184819,0.02892,
184820,0.02892,
185101,0.02892,
185433,0.02892,
185658,0.02892,
186053,0.02892,
186398,0.02892,
186801,0.02892,
186873,0.02892,
187021,0.02892,
187136,0.02892,
187511,0.02892,
187513,0.02892,
187544,0.02892,
187613,0.02892,
187773,0.02892,
187915,0.02892,
188201,0.02892,
188350,0.02892,
188500,0.02892,
188783,0.02892,
189126,0.02892,
189246,0.02892,
189285,0.02892,
189288,0.02892,
189299,0.02892,
189712,0.02892,
189932,0.02892,
190200,0.02892,
190235,0.02892,
190242,0.02892,
190608,0.02892,
190734,0.02892,
190830,0.02892,
190929,0.02892,
191009,0.01443,
191157,0.02892,
191194,0.02892,
191317,0.02892,
191431,0.01443,
191887,0.02892,
192104,0.02892,
192244,0.02892,
192490,0.01443,
192624,0.02892,
192726,0.02892,
193333,0.02892,
193370,0.02892,
193376,0.02892,
193392,0.02892,
194047,0.02892,
194063,0.02892,
194307,0.02892,
194453,0.02892,
194512,0.02892,
194552,0.02892,
194875,0.02892,
194902,0.02892,
195735,0.02892,
195761,0.02892,
196528,0.02892,
196669,0.02892,
196851,0.02892,
197019,0.02892,
197746,0.02892,
197869,0.02892,
197974,0.02892,
198012,0.02892,
198141,0.02892,
198152,0.02892,
198469,0.02892,
198785,0.02892,
198913,0.02892,
199073,0.02892,
199098,0.02892,
199401,0.02892,
199414,0.02892,
199465,0.02892,
199488,0.02892,
199668,0.02892,
199720,0.02892,
199835,0.01462,
200007,0.02892,
200025,0.02892,
200069,0.02892,
200303,0.02892,
200494,0.02892,
200775,0.02892,
200888,0.02892,
201105,0.02892,
201296,0.02892,
201314,0.02892,
201571,0.02892,
201979,0.02892,
202390,0.02892,
202578,0.02892,
202659,0.02892,
202800,0.02892,
203039,0.02892,
203100,0.02892,
203150,0.02892,
203242,0.02892,
203287,0.02892,
203438,0.02892,
203858,0.02892,
203975,0.01462,
203993,0.02892,
204077,0.02892,
204602,0.02892,
204944,0.02892,
205149,0.02892,
205224,0.02892,
205562,0.02892,
205703,0.02892,
206099,0.02892,
206118,0.02892,
206390,0.02892,
207160,0.02892,
207319,0.02892,
207498,0.02892,
207866,0.02892,
208036,0.02892,
208301,0.02892,
208480,0.02892,
208511,0.02892,
208524,0.02892,
209215,0.02892,
209286,0.02892,
209339,0.01443,
209650,0.02892,
209884,0.01462,
209936,0.02892,
210451,0.02892,
210691,0.02892,
210754,0.02892,
210849,0.02892,
210903,0.02892,
210926,0.02892,
211465,0.02892,
212218,0.02892,
212335,0.01443,
212403,0.02892,
212458,0.02892,
212833,0.02892,
213025,0.02892,
213072,0.02892,
213105,0.02892,
213280,0.02892,
213281,0.02892,
213484,0.02892,
213577,0.02892,
213605,0.02892,
213996,0.02892,
214122,0.02892,
214240,0.02892,
214363,0.02892,
214503,0.02892,
214938,0.02892,
215139,0.02892,
215242,0.02892,
215274,0.02892,
215328,0.02892,
215476,0.02892,
215498,0.02892,
215548,0.02892,
215625,0.02892,
215933,0.02892,
215963,0.02892,
216315,0.02892,
216326,0.02892,
216569,0.02892,
216844,0.02892,
217053,0.02892,
217182,0.02892,
217540,0.02892,
217723,0.01443,
217905,0.02892,
218413,0.02892,
218418,0.02892,
218743,0.02892,
218993,0.02892,
219102,0.02892,
219162,0.02892,
219293,0.02892,
219422,0.02892,
219434,0.02892,
219881,0.02892,
219979,0.02892,
220455,0.02892,
220570,0.02892,
220620,0.02892,
220643,0.02892,
220763,0.02892,
221090,0.02892,
221124,0.02892,
221141,0.02892,
221171,0.02892,
221511,0.02892,
221653,0.02892,
221656,0.02892,
221766,0.02892,
221968,0.02892,
222000,0.02892,
222164,0.01462,
222493,0.02892,
222576,0.02892,
222589,0.02892,
222622,0.02892,
222697,0.02892,
223019,0.02892,
223322,0.02892,
223332,0.02892,
223340,0.02892,
223572,0.02892,
223800,0.02892,
224615,0.02892,
224850,0.02892,
224867,0.02892,
225168,0.02892,
225173,0.02892,
225722,0.02892,
225853,0.02892,
225856,0.01462,
225889,0.02892,
226226,0.02892,
227501,0.02892,
227529,0.02892,
227820,0.02892,
227893,0.02892,
228599,0.02892,
228641,0.02892,
228702,0.01443,
228976,0.02892,
229040,0.02892,
229651,0.02892,
229652,0.02892,
229692,0.02892,
229937,0.02892,
230005,0.02892,
230050,0.02892,
230143,0.02892,
230215,0.02892,
230418,0.02892,
230605,0.02892,
230743,0.02892,
231185,0.02892,
231874,0.02892,
232151,0.02892,
232739,0.02892,
232839,0.02892,
232897,0.02892,
232972,0.02892,
233109,0.02892,
233124,0.02892,
233152,0.02892,
233229,0.02892,
233312,0.02892,
233445,0.02892,
233495,0.02892,
233690,0.02892,
233693,0.02892,
233996,0.02892,
234020,0.02892,
234153,0.02892,
234539,0.02892,
234716,0.02892,
235069,0.02892,
235172,0.02892,
235324,0.02892,
235613,0.02892,
235762,0.02892,
235819,0.02892,
236054,0.02892,
236262,0.02892,
236299,0.02892,
236528,0.02892,
237086,0.02892,
237616,0.02892,
238041,0.02892,
238119,0.02892,
238186,0.02892,
238334,0.02892,
238925,0.02892,
239059,0.02892,
239274,0.02892,
239307,0.02892,
239408,0.02892,
239834,0.02892,
239899,0.01462,
240172,0.02892,
240316,0.01443,
240326,0.02892,
240639,0.02892,
240701,0.02892,
240846,0.01443,
240950,0.02892,
241099,0.02892,
241626,0.01443,
242120,0.02892,
242400,0.02892,
242425,0.02892,
242472,0.02892,
242484,0.02892,
242702,0.02892,
242790,0.02892,
243077,0.02892,
243323,0.02892,
243396,0.02892,
243459,0.02892,
243540,0.02892,
244270,0.02892,
244339,0.02892,
244552,0.02892,
244616,0.02892,
244872,0.02892,
244901,0.02892,
245312,0.02892,
245385,0.02892,
245533,0.02892,
245597,0.02892,
246009,0.02892,
246417,0.02892,
246601,0.02892,
247074,0.02892,
247697,0.02892,
247736,0.02892,
247880,0.02892,
248225,0.02892,
248234,0.02892,
248306,0.02892,
249321,0.02892,
249580,0.02892,
249787,0.02892,
250372,0.02892,
250719,0.02892,
250743,0.02892,
250854,0.02892,
250982,0.02892,
251768,0.02892,
251936,0.02892,
252335,0.02892,
252682,0.02892,
252784,0.02892,
252850,0.02892,
252987,0.02892,
254196,0.02892,
254253,0.02892,
254323,0.02892,
254329,0.02892,
254335,0.02892,
254655,0.02892,
254752,0.02892,
254827,0.02892,
255195,0.02892,
255550,0.02892,
255949,0.02892,
255969,0.02892,
256228,0.02892,
256298,0.02892,
256386,0.02892,
256435,0.01462,
256579,0.02892,
257048,0.01443,
258023,0.02892,
258243,0.01462,
258294,0.02892,
258313,0.02892,
258345,0.01462,
258840,0.02892,
258896,0.02892,
258924,0.02892,
259042,0.02892,
259558,0.01443,
259700,0.02892,
260115,0.02892,
260562,0.02892,
260621,0.02892,
260632,0.02892,
260764,0.02892,
260864,0.02892,
261142,0.02892,
261206,0.02892,
261703,0.02892,
262414,0.02892,
262453,0.02892,
262483,0.02892,
262515,0.02892,
262874,0.02892,
262938,0.02892,
263254,0.02892,
263611,0.02892,
263636,0.02892,
263858,0.02892,
263871,0.02892,
263939,0.02892,
263953,0.02892,
264049,0.02892,
264642,0.02892,
264916,0.02892,
265203,0.02892,
265220,0.02892,
265319,0.02892,
265872,0.02892,
265985,0.02892,
266163,0.02892,
266320,0.02892,
266442,0.02892,
266992,0.02892,
266997,0.02892,
267052,0.02892,
267210,0.02892,
267230,0.02892,
267269,0.02892,
267284,0.02892,
267650,0.02892,
267715,0.02892,
267891,0.02892,
267968,0.02892,
268167,0.02892,
268367,0.02892,
268384,0.02892,
268708,0.02892,
268716,0.02892,
269181,0.02892,
269271,0.02892,
269364,0.02892,
269781,0.02892,
269857,0.02892,
270054,0.02892,
270079,0.02892,
270137,0.02892,
270572,0.02892,
270707,0.02892,
271164,0.02892,
271208,0.02892,
271296,0.02892,
271505,0.02892,
271510,0.02892,
271895,0.02892,
272002,0.02892,
272396,0.02892,
272592,0.01462,
272682,0.02892,
273081,0.01443,
273140,0.02892,
273245,0.02892,
273562,0.02892,
273821,0.02892,
273891,0.02892,
274155,0.02892,
274437,0.01443,
274485,0.02892,
274515,0.02892,
274701,0.02892,
274733,0.02892,
274769,0.02892,
275023,0.02892,
275027,0.02892,
275276,0.02892,
275514,0.02892,
275559,0.02892,
276305,0.02892,
276367,0.02892,
276422,0.02892,
276519,0.02892,
276542,0.02892,
276570,0.02892,
276607,0.02892,
276658,0.02892,
276922,0.02892,
277485,0.02892,
277517,0.02892,
278183,0.01443,
278219,0.02892,
278285,0.02892,
278341,0.02892,
278405,0.02892,
278694,0.02892,
278840,0.02892,
278897,0.01443,
279134,0.02892,
279273,0.02892,
279291,0.02892,
279637,0.02892,
279736,0.02892,
279750,0.02892,
279796,0.02892,
279921,0.02892,
280185,0.02892,
280270,0.02892,
280383,0.02892,
280475,0.02892,
280987,0.02892,
281394,0.02892,
281453,0.02892,
281759,0.02892,
282324,0.02892,
282344,0.02892,
282447,0.02892,
282456,0.02892,
282458,0.02892,
282519,0.02892,
282575,0.02892,
282904,0.01443,
282921,0.02892,
282969,0.02892,
283113,0.02892,
283466,0.02892,
283593,0.02892,
283732,0.02892,
284144,0.02892,
285801,0.02892,
285982,0.02892,
286305,0.02892,
286547,0.02892,
286590,0.02892,
286700,0.02892,
286808,0.02892,
287000,0.02892,
287187,0.02892,
287223,0.02892,
287714,0.02892,
287871,0.02892,
288275,0.02892,
288326,0.01462,
288357,0.02892,
288492,0.02892,
288506,0.02892,
288520,0.01443,
288551,0.02892,
288597,0.02892,
288801,0.02892,
289219,0.02892,
289666,0.02892,
290220,0.02892,
290312,0.02892,
290321,0.02892,
290543,0.02892,
290699,0.02892,
290836,0.02892,
290984,0.01443,
290998,0.02892,
291135,0.02892,
291188,0.02892,
291459,0.02892,
291474,0.02892,
291514,0.01462,
291779,0.02892,
291974,0.02892,
291996,0.02892,
292199,0.02892,
293132,0.02892,
293207,0.02892,
293248,0.01443,
293366,0.02892,
293576,0.02892,
293609,0.02892,
293921,0.02892,
293949,0.02892,
293965,0.02892,
294215,0.02892,
294424,0.02892,
294603,0.02892,
294970,0.01462,
295020,0.02892,
295581,0.02892,
295712,0.02892,
295798,0.02892,
296030,0.02892,
296229,0.02892,
296240,0.02892,
296247,0.02892,
296413,0.02892,
296600,0.02892,
296844,0.02892,
297096,0.02892,
297261,0.02892,
297283,0.02892,
297450,0.02892,
297702,0.02892,
297904,0.02892,
297914,0.02892,
298070,0.02892,
298138,0.02892,
298229,0.02892,
298401,0.02892,
298432,0.02892,
298565,0.02892,
298684,0.02892,
298880,0.02892,
299006,0.02892,
299115,0.02892,
299202,0.02892,
299237,0.02892,
299240,0.02892,
299294,0.02892,
299308,0.02892,
299342,0.02892,
299876,0.02892,
300592,0.02892,
300615,0.02892,
300756,0.02892,
300846,0.02892,
301420,0.02892,
301871,0.02892,
302236,0.02892,
302255,0.02892,
302317,0.02892,
302352,0.02892,
302357,0.02892,
302424,0.02892,
302532,0.02892,
302565,0.02892,
302645,0.01443,
302842,0.02892,
303223,0.02892,
303276,0.02892,
303329,0.02892,
303336,0.02892,
303399,0.02892,
303412,0.02892,
303936,0.02892,
304138,0.01462,
304581,0.02892,
304623,0.02892,
304861,0.02892,
304989,0.02892,
305336,0.02892,
305698,0.02892,
305768,0.02892,
307027,0.02892,
307086,0.02892,
307117,0.02892,
307393,0.02892,
307596,0.02892,
307714,0.02892,
307803,0.02892,
307918,0.02892,
308052,0.02892,
308529,0.02892,
308552,0.02892,
308789,0.02892,
309024,0.02892,
309344,0.01462,
309937,0.02892,
310494,0.01462,
310656,0.02892,
310698,0.02892,
310847,0.02892,
310875,0.02892,
311244,0.02892,
311372,0.02892,
311696,0.02892,
311957,0.02892,
312031,0.02892,
312211,0.01443,
312542,0.02892,
312643,0.02892,
312796,0.02892,
312863,0.02892,
312945,0.02892,
313589,0.02892,
313872,0.02892,
314017,0.02892,
314267,0.02892,
314404,0.02892,
314781,0.02892,
314841,0.02892,
315287,0.02892,
315412,0.02892,
315435,0.02892,
315864,0.02892,
316145,0.02892,
316675,0.02892,
316969,0.02892,
317267,0.02892,
317508,0.02892,
317988,0.02892,
318815,0.02892,
319294,0.02892,
319345,0.02892,
319735,0.02892,
320274,0.02892,
320391,0.02892,
320584,0.02892,
320714,0.02892,
320745,0.02892,
320863,0.02892,
320886,0.02892,
320942,0.02892,
320975,0.02892,
321282,0.02892,
321532,0.02892,
321606,0.02892,
321724,0.02892,
321895,0.02892,
322356,0.02892,
322455,0.02892,
322644,0.01443,
322791,0.02892,
322869,0.02892,
323043,0.02892,
323198,0.02892,
323356,0.02892,
323762,0.02892,
323773,0.01462,
324173,0.02892,
324293,0.01462,
325099,0.02892,
325119,0.02892,
325430,0.02892,
325519,0.02892,
325616,0.02892,
325738,0.02892,
325909,0.02892,
326158,0.01462,
326277,0.02892,
326592,0.02892,
327004,0.01443,
327114,0.02892,
327319,0.02892,
327471,0.02892,
327481,0.02892,
327567,0.02892,
327738,0.02892,
327926,0.02892,
328015,0.02892,
328034,0.02892,
328057,0.02892,
328249,0.02892,
328263,0.02892,
328398,0.02892,
328427,0.02892,
328571,0.02892,
328907,0.02892,
328979,0.01443,
329038,0.02892,
329051,0.02892,
329765,0.02892,
329942,0.02892,
330135,0.01443,
330168,0.02892,
330251,0.02892,
330949,0.02892,
331673,0.02892,
331941,0.02892,
331952,0.02892,
332005,0.02892,
332361,0.02892,
332388,0.01462,
332613,0.02892,
332677,0.02892,
333270,0.01443,
333377,0.02892,
333843,0.02892,
334101,0.02892,
334135,0.02892,
334142,0.02892,
334459,0.02892,
334488,0.02892,
334583,0.02892,
334703,0.02892,
334718,0.02892,
334758,0.02892,
334760,0.02892,
334801,0.02892,
334910,0.02892,
334979,0.02892,
335011,0.02892,
335057,0.02892,
335145,0.02892,
335199,0.02892,
335368,0.02892,
335623,0.02892,
335729,0.02892,
335885,0.02892,
336101,0.02892,
336307,0.02892,
336311,0.02892,
336358,0.02892,
336658,0.02892,
336901,0.01462,
337069,0.02892,
337188,0.02892,
337498,0.02892,
337778,0.02892,
338066,0.02892,
338195,0.02892,
338245,0.02892,
338313,0.02892,
338386,0.02892,
338514,0.02892,
339775,0.02892,
339871,0.02892,
339948,0.02892,
340232,0.02892,
340283,0.02892,
340392,0.02892,
340472,0.02892,
340494,0.02892,
340556,0.02892,
340570,0.02892,
340651,0.02892,
340730,0.02892,
340966,0.01462,
341563,0.02892,
341934,0.02892,
342121,0.02892,
342348,0.01462,
342377,0.02892,
342419,0.02892,
342520,0.02892,
342559,0.02892,
342804,0.02892,
343082,0.02892,
343119,0.02892,
343705,0.02892,
343992,0.02892,
344053,0.02892,
344429,0.02892,
344810,0.02892,
344884,0.02892,
345016,0.02892,
345091,0.02892,
345238,0.02892,
345459,0.02892,
345630,0.02892,
346146,0.02892,
346581,0.02892,
346667,0.02892,
346882,0.02892,
347353,0.02892,
347856,0.02892,
348137,0.02892,
348206,0.02892,
348402,0.02892,
348800,0.02892,
348966,0.01462,
348995,0.02892,
349139,0.02892,
349141,0.02892,
349181,0.02892,
349545,0.02892,
349802,0.02892,
349931,0.02892,
350121,0.02892,
350199,0.02892,
350241,0.02892,
350292,0.02892,
350474,0.01443,
350555,0.02892,
350607,0.02892,
350656,0.02892,
350879,0.02892,
350978,0.02892,
351029,0.02892,
351091,0.02892,
351303,0.02892,
351317,0.02892,
351350,0.02892,
351755,0.02892,
351777,0.02892,
352270,0.01462,
352644,0.02892,
352789,0.02892,
353101,0.02892,
353200,0.02892,
353589,0.02892,
353868,0.02892,
354136,0.02892,
354616,0.02892,
354756,0.02892,
354833,0.02892,
355127,0.02892,
355835,0.02892,
356276,0.02892,
356454,0.02892,
356531,0.02892,
356589,0.02892,
356800,0.02892,
356890,0.02892,
356990,0.01462,
357827,0.02892,
358146,0.02892,
358317,0.01462,
358333,0.02892,
358429,0.02892,
358649,0.02892,
358752,0.02892,
358850,0.02892,
359544,0.02892,
359952,0.02892,
360316,0.02892,
360841,0.02892,
360939,0.02892,
361034,0.02892,
361102,0.02892,
361290,0.02892,
361315,0.02892,
361453,0.02892,
361542,0.02892,
361856,0.02892,
362027,0.02892,
362298,0.02892,
362346,0.02892,
362379,0.02892,
362558,0.02892,
362581,0.01462,
362700,0.02892,
362783,0.02892,
363044,0.02892,
363219,0.02892,
363410,0.02892,
363439,0.02892,
363735,0.01462,
364263,0.02892,
364326,0.02892,
364429,0.01462,
364636,0.02892,
364705,0.02892,
364793,0.02892,
365401,0.02892,
365712,0.02892,
365803,0.02892,
366006,0.02892,
366073,0.02892,
366198,0.01462,
366478,0.02892,
366479,0.02892,
366531,0.02892,
366560,0.02892,
366594,0.02892,
367019,0.02892,
367166,0.02892,
367295,0.02892,
367566,0.02892,
367699,0.02892,
367985,0.02892,
368268,0.02892,
368347,0.02892,
368466,0.02892,
368486,0.02892,
368863,0.02892,
368953,0.01443,
369001,0.02892,
369073,0.02892,
369103,0.02892,
369357,0.02892,
369508,0.02892,
369936,0.02892,
370099,0.02892,
370315,0.02892,
370551,0.02892,
370748,0.02892,
370935,0.02892,
370952,0.02892,
371057,0.02892,
371072,0.02892,
371093,0.02892,
371133,0.02892,
371269,0.02892,
371376,0.02892,
371709,0.02892,
371858,0.02892,
371955,0.02892,
371969,0.02892,
372073,0.02892,
372224,0.02892,
372879,0.02892,
372926,0.02892,
373088,0.02892,
373308,0.02892,
373370,0.02892,
373417,0.02892,
373457,0.02892,
373474,0.02892,
373514,0.02892,
373906,0.02892,
374260,0.02892,
374549,0.02892,
374604,0.02892,
374684,0.02892,
374988,0.02892,
374996,0.02892,
375113,0.02892,
375155,0.02892,
375461,0.02892,
375934,0.02892,
376011,0.02892,
376211,0.02892,
376341,0.02892,
376710,0.02892,
377084,0.02892,
377305,0.02892,
377318,0.02892,
377803,0.02892,
377875,0.02892,
378079,0.02892,
378080,0.02892,
378192,0.02892,
378280,0.02892,
378391,0.02892,
378446,0.01443,
378649,0.02892,
378839,0.02892,
378953,0.02892,
378990,0.02892,
379087,0.01443,
379183,0.02892,
379195,0.02892,
379360,0.02892,
379471,0.02892,
379662,0.02892,
379792,0.02892,
379886,0.02892,
379937,0.02892,
380907,0.02892,
381117,0.02892,
381318,0.02892,
381675,0.02892,
381700,0.02892,
381709,0.02892,
381945,0.02892,
382171,0.02892,
382270,0.02892,
382327,0.02892,
382474,0.02892,
382882,0.02892,
382943,0.02892,
383020,0.02892,
383253,0.02892,
383353,0.01462,
383658,0.02892,
383707,0.02892,
383995,0.02892,
384088,0.02892,
384090,0.02892,
384332,0.02892,
384485,0.02892,
384507,0.02892,
384525,0.02892,
385006,0.02892,
385022,0.02892,
385069,0.02892,
385092,0.02892,
385186,0.01462,
385262,0.02892,
385279,0.02892,
385359,0.02892,
385489,0.02892,
385773,0.02892,
385892,0.02892,
386219,0.02892,
386798,0.02892,
387016,0.02892,
387149,0.02892,
387185,0.02892,
387486,0.02892,
387492,0.02892,
387564,0.02892,
387687,0.02892,
387699,0.01443,
387786,0.02892,
387820,0.01443,
388167,0.02892,
388613,0.02892,
388727,0.02892,
388795,0.02892,
390452,0.02892,
390909,0.02892,
391276,0.02892,
391358,0.02892,
391481,0.02892,
391493,0.02892,
391674,0.02892,
391897,0.02892,
392600,0.02892,
392879,0.02892,
393050,0.02892,
393296,0.02892,
393319,0.02892,
393448,0.01443,
393596,0.02892,
393850,0.02892,
393871,0.02892,
393931,0.02892,
394069,0.02892,
394299,0.02892,
394918,0.02892,
395379,0.02892,
395750,0.02892,
396247,0.02892,
396346,0.02892,
396503,0.02892,
396705,0.02892,
396713,0.02892,
397142,0.02892,
397273,0.02892,
397338,0.02892,
397538,0.02892,
397874,0.02892,
398418,0.02892,
398420,0.02892,
398486,0.02892,
398519,0.02892,
398625,0.02892,
398633,0.02892,
398666,0.02892,
398696,0.02892,
398830,0.02892,
398919,0.02892,
399095,0.02892,
399117,0.02892,
399550,0.02892,
399618,0.02892,
399790,0.01443,
399979,0.02892,
401394,0.02892,
401616,0.02892,
401950,0.02892,
401958,0.02892,
401985,0.02892,
402190,0.02892,
402192,0.02892,
402281,0.02892,
402349,0.01462,
403257,0.02892,
403529,0.02892,
403917,0.02892,
403922,0.02892,
404002,0.02892,
404036,0.02892,
404274,0.02892,
405029,0.02892,
405389,0.02892,
405486,0.01443,
407193,0.02892,
407676,0.02892,
407739,0.02892,
407845,0.02892,
407860,0.02892,
408231,0.02892,
408293,0.01462,
408414,0.02892,
408757,0.02892,
408820,0.02892,
409041,0.02892,
409202,0.02892,
409504,0.02892,
409644,0.02892,
409977,0.02892,
410109,0.02892,
410176,0.02892,
410660,0.02892,
410917,0.02892,
410941,0.01443,
411000,0.02892,
411108,0.02892,
411414,0.02892,
411624,0.02892,
411745,0.02892,
411834,0.02892,
411938,0.01443,
411985,0.02892,
412029,0.02892,
412065,0.02892,
412173,0.02892,
412957,0.02892,
413045,0.02892,
413251,0.02892,
413296,0.02892,
413578,0.02892,
413643,0.02892,
413834,0.01443,
414120,0.02892,
414162,0.02892,
414509,0.02892,
414555,0.02892,
414926,0.02892,
414938,0.02892,
415177,0.02892,
415319,0.02892,
415365,0.02892,
415416,0.02892,
415434,0.02892,
415963,0.02892,
416176,0.02892,
417000,0.02892,
417022,0.02892,
417510,0.02892,
417581,0.02892,
417603,0.02892,
417620,0.02892,
417654,0.02892,
417760,0.02892,
418065,0.02892,
418067,0.02892,
418285,0.02892,
418481,0.02892,
418586,0.02892,
418692,0.02892,
418882,0.02892,
418917,0.02892,
419883,0.02892,
420258,0.02892,
420360,0.02892,
420752,0.02892,
420829,0.02892,
421166,0.02892,
421310,0.02892,
421323,0.02892,
421419,0.01443,
421583,0.02892,
421665,0.02892,
422086,0.02892,
422238,0.02892,
422275,0.02892,
422347,0.02892,
422528,0.02892,
422911,0.02892,
423022,0.02892,
423383,0.02892,
423466,0.02892,
423714,0.02892,
423769,0.02892,
423949,0.02892,
424014,0.02892,
424156,0.02892,
424535,0.02892,
424682,0.02892,
424815,0.02892,
424930,0.01462,
425118,0.02892,
425400,0.02892,
425467,0.02892,
425733,0.02892,
426162,0.01443,
426363,0.02892,
426506,0.02892,
427177,0.02892,
427298,0.02892,
427700,0.02892,
427810,0.02892,
427853,0.02892,
427891,0.02892,
428671,0.02892,
428686,0.02892,
429063,0.02892,
429408,0.02892,
429430,0.02892,
429474,0.02892,
429636,0.02892,
429765,0.02892,
429825,0.02892,
429943,0.01443,
430050,0.02892,
430168,0.02892,
430733,0.02892,
430850,0.02892,
431218,0.02892,
431542,0.02892,
431544,0.02892,
431592,0.02892,
431985,0.02892,
432336,0.02892,
432551,0.02892,
432653,0.02892,
432994,0.02892,
433210,0.02892,
433321,0.02892,
433660,0.02892,
433761,0.02892,
434174,0.02892,
434276,0.02892,
434740,0.01462,
434756,0.02892,
434778,0.02892,
434926,0.02892,
435186,0.02892,
435245,0.02892,
435717,0.02892,
436159,0.02892,
436629,0.01443,
436841,0.02892,
437319,0.02892,
437327,0.02892,
437674,0.02892,
437900,0.02892,
438531,0.01443,
438690,0.02892,
438908,0.02892,
439458,0.01443,
439483,0.02892,
439542,0.02892,
439724,0.01443,
439808,0.01462,
439965,0.02892,
440038,0.02892,
440205,0.01462,
440238,0.02892,
440462,0.02892,
440487,0.01462,
440581,0.02892,
441442,0.02892,
441631,0.02892,
441653,0.02892,
441757,0.02892,
442054,0.01443,
442449,0.02892,
442552,0.02892,
442582,0.02892,
442650,0.02892,
442734,0.02892,
442793,0.02892,
443781,0.02892,
443830,0.02892,
444003,0.02892,
444090,0.02892,
444110,0.02892,
444251,0.02892,
444437,0.02892,
444491,0.02892,
444688,0.01443,
445533,0.02892,
445698,0.02892,
445914,0.02892,
446627,0.02892,
446638,0.01443,
446803,0.02892,
446989,0.02892,
446995,0.02892,
447172,0.02892,
447480,0.02892,
447843,0.02892,
447859,0.02892,
448203,0.02892,
448528,0.02892,
448927,0.02892,
448934,0.02892,
448941,0.02892,
449033,0.02892,
449205,0.02892,
449432,0.02892,
449454,0.02892,
449518,0.02892,
449658,0.02892,
449993,0.02892,
450178,0.02892,
450277,0.02892,
450367,0.02892,
450433,0.02892,
450745,0.02892,
450994,0.02892,
451190,0.02892,
451209,0.02892,
451438,0.02892,
451534,0.02892,
451570,0.02892,
451844,0.02892,
452231,0.02892,
452304,0.02892,
452377,0.02892,
452441,0.02892,
452709,0.02892,
452710,0.02892,
452841,0.02892,
452984,0.02892,
453129,0.02892,
453219,0.02892,
453391,0.02892,
453729,0.02892,
453856,0.02892,
454271,0.02892,
454518,0.02892,
454797,0.02892,
455158,0.02892,
455183,0.02892,
455354,0.02892,
455431,0.02892,
455707,0.02892,
455761,0.02892,
455898,0.02892,
455900,0.02892,
456089,0.02892,
456247,0.02892,
456426,0.02892,
456534,0.02892,
456581,0.02892,
456648,0.02892,
456651,0.02892,
456975,0.02892,
457098,0.02892,
457277,0.02892,
457492,0.02892,
457645,0.02892,
457828,0.02892,
457875,0.02892,
458191,0.02892,
458233,0.02892,
458790,0.02892,
458822,0.02892,
458912,0.01462,
458970,0.02892,
459112,0.02892,
459277,0.02892,
459405,0.02892,
459543,0.01462,
459570,0.02892,
459594,0.02892,
459628,0.02892,
459665,0.02892,
459845,0.02892,
460127,0.02892,
460228,0.02892,
460293,0.02892,
460360,0.02892,
460395,0.02892,
460494,0.02892,
460601,0.02892,
460685,0.02892,
460795,0.02892,
461367,0.02892,
461804,0.02892,
461805,0.02892,
461835,0.02892,
462288,0.02892,
462482,0.02892,
462508,0.02892,
462547,0.02892,
463118,0.02892,
463220,0.02892,
463278,0.02892,
463560,0.01443,
463640,0.02892,
463902,0.02892,
463926,0.02892,
464056,0.02892,
464150,0.02892,
464325,0.02892,
464412,0.02892,
464682,0.02892,
465273,0.02892,
465353,0.02892,
465393,0.02892,
465689,0.02892,
465748,0.02892,
465905,0.02892,
466081,0.02892,
466204,0.02892,
466447,0.02892,
466685,0.02892,
466754,0.02892,
467020,0.02892,
467143,0.02892,
467144,0.02892,
467193,0.02892,
467199,0.02892,
467311,0.02892,
467478,0.02892,
467600,0.02892,
467958,0.02892,
468236,0.02892,
468248,0.02892,
468302,0.02892,
468464,0.01443,
468699,0.02892,
468923,0.02892,
469011,0.02892,
469273,0.01443,
469468,0.02892,
469616,0.02892,
469783,0.02892,
469808,0.02892,
470235,0.02892,
470243,0.02892,
470253,0.02892,
470762,0.02892,
470857,0.02892,
471709,0.02892,
472015,0.02892,
472117,0.02892,
472309,0.02892,
472346,0.01462,
472406,0.02892,
472963,0.02892,
473163,0.02892,
473307,0.02892,
473796,0.02892,
474017,0.02892,
474020,0.02892,
474186,0.02892,
474298,0.02892,
474361,0.02892,
474736,0.02892,
474983,0.02892,
475027,0.02892,
475226,0.02892,
475339,0.01443,
475583,0.02892,
475676,0.02892,
476828,0.02892,
476907,0.02892,
477116,0.01462,
477625,0.02892,
477797,0.02892,
478015,0.02892,
478044,0.02892,
478065,0.02892,
478159,0.02892,
478245,0.02892,
478349,0.02892,
478508,0.02892,
478750,0.02892,
478754,0.02892,
478859,0.02892,
479221,0.02892,
479415,0.02892,
479486,0.02892,
479511,0.02892,
479908,0.02892,
479932,0.02892,
480420,0.02892,
480532,0.02892,
480534,0.02892,
480736,0.02892,
480901,0.02892,
480975,0.02892,
481050,0.02892,
481444,0.02892,
481697,0.02892,
481860,0.02892,
481940,0.02892,
481982,0.02892,
482134,0.02892,
482606,0.02892,
482712,0.02892,
482901,0.02892,
483625,0.01443,
483689,0.01462,
483994,0.02892,
484072,0.02892,
484776,0.02892,
485186,0.02892,
485628,0.02892,
485680,0.02892,
486126,0.02892,
486548,0.02892,
486642,0.02892,
486786,0.02892,
487062,0.02892,
487122,0.02892,
487454,0.02892,
487722,0.02892,
487756,0.02892,
487820,0.02892,
488122,0.02892,
488339,0.02892,
488426,0.02892,
488738,0.02892,
488763,0.02892,
488912,0.02892,
488936,0.02892,
489038,0.02892,
489064,0.02892,
489148,0.01443,
489452,0.02892,
489479,0.02892,
489610,0.02892,
489867,0.02892,
490536,0.02892,
490681,0.02892,
490742,0.02892,
490759,0.02892,
490832,0.02892,
491381,0.01462,
491672,0.02892,
491816,0.02892,
492332,0.02892,
492380,0.02892,
492565,0.02892,
492858,0.02892,
493367,0.02892,
493563,0.02892,
493753,0.02892,
493830,0.02892,
493835,0.02892,
493838,0.02892,
493908,0.02892,
494144,0.02892,
494206,0.02892,
494352,0.02892,
494647,0.02892,
494740,0.02892,
495057,0.02892,
495133,0.02892,
495284,0.02892,
495639,0.02892,
495700,0.02892,
496135,0.02892,
496320,0.02892,
496349,0.02892,
496518,0.02892,
497442,0.02892,
497573,0.01462,
497883,0.02892,
498457,0.02892,
499129,0.02892,
499683,0.02892,
500432,0.02892,
500438,0.02892,
500582,0.02892,
500595,0.02892,
500841,0.02892,
501102,0.02892,
501463,0.02892,
501684,0.02892,
501790,0.02892,
502182,0.02892,
502310,0.02892,
502354,0.02892,
502935,0.02892,
503176,0.02892,
503717,0.01462,
503946,0.02892,
504167,0.02892,
504454,0.02892,
504491,0.02892,
504536,0.02892,
505035,0.02892,
505097,0.02892,
505504,0.02892,
505671,0.02892,
505769,0.02892,
506527,0.02892,
506795,0.02892,
506912,0.02892,
506924,0.02892,
507036,0.02892,
507254,0.02892,
507305,0.02892,
507454,0.02892,
507489,0.02892,
508183,0.02892,
508218,0.02892,
508939,0.02892,
508988,0.02892,
509222,0.02892,
509274,0.02892,
509306,0.02892,
509466,0.02892,
509856,0.02892,
510193,0.02892,
510607,0.02892,
510686,0.02892,
510690,0.02892,
511048,0.02892,
511063,0.02892,
512105,0.02892,
512284,0.02892,
512310,0.02892,
512602,0.02892,
512728,0.02892,
512738,0.02892,
512994,0.02892,
513001,0.02892,
513495,0.02892,
513778,0.02892,
513858,0.02892,
513969,0.02892,
514040,0.02892,
514146,0.02892,
514494,0.02892,
514562,0.02892,
514786,0.02892,
515351,0.02892,
515407,0.02892,
515636,0.02892,
515754,0.02892,
515805,0.02892,
516428,0.02892,
516547,0.02892,
516635,0.02892,
516678,0.01443,
516707,0.02892,
516811,0.02892,
516862,0.02892,
516875,0.02892,
517101,0.01462,
518126,0.02892,
518685,0.02892,
518826,0.02892,
519044,0.01462,
519425,0.02892,
519561,0.02892,
519612,0.02892,
519948,0.02892,
520004,0.02892,
520025,0.02892,
520144,0.02892,
520218,0.02892,
520520,0.02892,
520755,0.02892,
520875,0.02892,
520922,0.02892,
520972,0.02892,
521032,0.02892,
521047,0.02892,
521136,0.02892,
521249,0.02892,
522076,0.02892,
522113,0.02892,
522367,0.02892,
522529,0.02892,
522555,0.02892,
522861,0.02892,
522897,0.02892,
522932,0.02892,
523280,0.02892,
523292,0.02892,
523364,0.02892,
523491,0.02892,
523687,0.02892,
523703,0.02892,
523735,0.02892,
524482,0.02892,
524505,0.02892,
524769,0.02892,
524798,0.02892,
525222,0.02892,
525533,0.02892,
525568,0.02892,
525662,0.02892,
525824,0.02892,
525846,0.02892,
526487,0.02892,
526694,0.02892,
526844,0.01443,
526855,0.02892,
526896,0.02892,
526990,0.02892,
527220,0.02892,
527240,0.02892,
527343,0.02892,
527639,0.02892,
528310,0.02892,
528530,0.02892,
528592,0.02892,
528867,0.01443,
529534,0.02892,
530035,0.02892,
530111,0.02892,
530369,0.02892,
530840,0.02892,
530977,0.02892,
531028,0.02892,
531153,0.01462,
531528,0.02892,
531906,0.02892,
532035,0.02892,
532249,0.02892,
532275,0.02892,
532380,0.02892,
532956,0.02892,
533077,0.02892,
533204,0.02892,
533332,0.02892,
533352,0.02892,
533543,0.02892,
533676,0.02892,
533715,0.02892,
533915,0.02892,
534238,0.02892,
534374,0.02892,
534408,0.02892,
534583,0.02892,
535143,0.02892,
535315,0.02892,
535452,0.01443,
535715,0.02892,
535986,0.02892,
536129,0.02892,
536131,0.02892,
536390,0.02892,
536705,0.02892,
536765,0.02892,
536850,0.02892,
537245,0.02892,
537308,0.02892,
537587,0.02892,
537633,0.02892,
537685,0.02892,
537801,0.02892,
537812,0.02892,
538115,0.02892,
538172,0.02892,
538180,0.02892,
538227,0.02892,
538264,0.02892,
538384,0.02892,
538486,0.02892,
538554,0.02892,
538698,0.02892,
538924,0.02892,
538941,0.02892,
539070,0.02892,
539155,0.02892,
539213,0.02892,
539484,0.02892,
539974,0.02892,
540241,0.02892,
540256,0.02892,
540258,0.02892,
540509,0.01443,
540513,0.02892,
540635,0.02892,
540731,0.02892,
540901,0.02892,
540936,0.02892,
541106,0.02892,
541309,0.02892,
541361,0.02892,
541586,0.02892,
541589,0.02892,
541687,0.02892,
541709,0.02892,
542322,0.02892,
542343,0.02892,
542540,0.02892,
542671,0.02892,
542837,0.02892,
542946,0.02892,
543121,0.02892,
543177,0.02892,
544070,0.02892,
544499,0.02892,
544727,0.02892,
544886,0.02892,
545034,0.02892,
545100,0.02892,
545112,0.02892,
545127,0.02892,
545265,0.02892,
545292,0.02892,
545295,0.02892,
545926,0.02892,
546544,0.02892,
546662,0.02892,
546746,0.02892,
546974,0.02892,
546983,0.01462,
547245,0.02892,
547730,0.02892,
547749,0.02892,
548174,0.02892,
548951,0.02892,
549190,0.02892,
549312,0.02892,
549358,0.02892,
549958,0.02892,
550057,0.02892,
550408,0.02892,
550540,0.02892,
550580,0.02892,
550666,0.02892,
550807,0.02892,
551152,0.02892,
551277,0.02892,
551386,0.01443,
551632,0.02892,
551695,0.01443,
551945,0.02892,
552045,0.02892,
552124,0.02892,
552161,0.02892,
552903,0.02892,
553336,0.02892,
553429,0.02892,
553470,0.02892,
554545,0.02892,
554578,0.02892,
554700,0.02892,
554867,0.02892,
555021,0.02892,
555032,0.02892,
555651,0.02892,
555713,0.02892,
555759,0.02892,
556219,0.02892,
556260,0.02892,
556593,0.02892,
556943,0.02892,
556949,0.02892,
556972,0.02892,
557082,0.02892,
557237,0.02892,
557446,0.02892,
557449,0.02892,
557787,0.02892,
558062,0.02892,
558180,0.02892,
558200,0.02892,
558385,0.02892,
558597,0.02892,
558768,0.02892,
558902,0.02892,
559072,0.02892,
559371,0.01462,
559377,0.02892,
559443,0.02892,
559500,0.02892,
559709,0.02892,
559783,0.02892,
560092,0.02892,
560137,0.02892,
560169,0.02892,
560205,0.02892,
560694,0.02892,
560934,0.02892,
560976,0.02892,
561080,0.02892,
561257,0.02892,
561461,0.02892,
561504,0.02892,
561880,0.02892,
562229,0.02892,
562302,0.02892,
562355,0.02892,
562438,0.02892,
562693,0.02892,
562757,0.02892,
562796,0.02892,
563161,0.01443,
563455,0.02892,
563836,0.02892,
564391,0.02892,
564409,0.02892,
564472,0.02892,
564546,0.02892,
564551,0.02892,
564782,0.02892,
564831,0.02892,
564967,0.02892,
565025,0.02892,
565190,0.02892,
565224,0.02892,
565284,0.02892,
565386,0.02892,
565461,0.02892,
565595,0.02892,
565873,0.02892,
565987,0.02892,
566151,0.02892,
566176,0.02892,
566356,0.02892,
566650,0.01462,
566667,0.02892,
566686,0.02892,
566693,0.02892,
566827,0.02892,
567058,0.02892,
567061,0.02892,
567276,0.02892,
568139,0.02892,
568720,0.02892,
568816,0.02892,
569321,0.02892,
569351,0.02892,
569415,0.02892,
569767,0.02892,
569856,0.02892,
569888,0.02892,
569912,0.02892,
569973,0.02892,
570141,0.02892,
570176,0.02892,
570218,0.02892,
570383,0.02892,
570531,0.02892,
570585,0.02892,
570892,0.02892,
571198,0.02892,
571323,0.02892,
571368,0.02892,
571577,0.02892,
571610,0.02892,
571864,0.02892,
571866,0.02892,
572271,0.02892,
572275,0.02892,
572810,0.02892,
572888,0.02892,
573298,0.01443,
573488,0.02892,
573584,0.02892,
573610,0.02892,
573733,0.02892,
573787,0.02892,
573987,0.02892,
574310,0.02892,
574338,0.02892,
574481,0.02892,
574611,0.02892,
574647,0.02892,
574778,0.02892,
574810,0.02892,
574823,0.02892,
575203,0.02892,
575254,0.02892,
575547,0.02892,
575659,0.01443,
575691,0.02892,
575740,0.02892,
575833,0.02892,
575851,0.02892,
576179,0.02892,
576324,0.02892,
576558,0.02892,
576709,0.02892,
576723,0.02892,
576847,0.02892,
577076,0.02892,
577128,0.02892,
577219,0.02892,
577363,0.02892,
577442,0.02892,
577575,0.02892,
577860,0.02892,
578208,0.02892,
578453,0.02892,
578457,0.02892,
578480,0.02892,
578644,0.02892,
578658,0.02892,
578746,0.02892,
578763,0.02892,
578774,0.02892,
579340,0.02892,
579417,0.02892,
579481,0.02892,
579511,0.02892,
579759,0.02892,
579787,0.02892,
579863,0.02892,
580199,0.02892,
580289,0.02892,
580362,0.02892,
580398,0.02892,
580470,0.02892,
580702,0.02892,
580943,0.02892,
580989,0.02892,
581093,0.02892,
581355,0.02892,
581655,0.02892,
581866,0.02892,
582024,0.02892,
582591,0.02892,
582767,0.02892,
582944,0.02892,
583107,0.02892,
583622,0.02892,
583719,0.02892,
583848,0.02892,
583960,0.02892,
584077,0.02892,
584951,0.02892,
585174,0.02892,
585446,0.02892,
585573,0.02892,
585655,0.02892,
585771,0.02892,
586169,0.02892,
586210,0.02892,
586256,0.02892,
586422,0.02892,
586902,0.02892,
587082,0.02892,
587743,0.02892,
587818,0.02892,
587895,0.02892,
587897,0.02892,
588070,0.02892,
588277,0.02892,
589504,0.02892,
589868,0.02892,
590046,0.02892,
590256,0.02892,
590284,0.02892,
590556,0.01443,
591068,0.02892,
591118,0.02892,
591268,0.02892,
591785,0.02892,
592028,0.02892,
592120,0.02892,
592644,0.02892,
592694,0.02892,
593020,0.01462,
593411,0.02892,
593837,0.02892,
593898,0.02892,
594027,0.02892,
594186,0.02892,
594242,0.02892,
594317,0.02892,
594440,0.02892,
594897,0.02892,
595326,0.02892,
595451,0.02892,
595534,0.02892,
595583,0.02892,
595814,0.02892,
595909,0.02892,
595969,0.02892,
596264,0.02892,
596666,0.02892,
597000,0.02892,
597026,0.02892,
597345,0.02892,
597840,0.02892,
597951,0.02892,
597957,0.02892,
598014,0.01462,
598272,0.02892,
598281,0.02892,
598446,0.02892,
598708,0.02892,
598746,0.02892,
598843,0.02892,
598914,0.02892,
599029,0.02892,
599164,0.02892,
599455,0.02892,
599583,0.02892,
600127,0.02892,
601275,0.02892,
601382,0.02892,
601432,0.02892,
601793,0.02892,
601846,0.02892,
601924,0.01443,
602021,0.02892,
602376,0.01462,
602402,0.02892,
602611,0.02892,
602749,0.02892,
602811,0.01462,
603166,0.02892,
603196,0.02892,
603221,0.02892,
603454,0.02892,
603551,0.02892,
603600,0.02892,
604204,0.02892,
604671,0.02892,
604849,0.02892,
604969,0.02892,
605166,0.02892,
605402,0.02892,
605721,0.02892,
606075,0.02892,
606280,0.02892,
606452,0.02892,
606982,0.02892,
607603,0.02892,
608290,0.02892,
608597,0.02892,
609280,0.02892,
609437,0.02892,
609588,0.02892,
609899,0.02892,
610302,0.02892,
610352,0.02892,
610897,0.02892,
611102,0.02892,
611447,0.02892,
611733,0.02892,
611900,0.02892,
611912,0.02892,
612136,0.02892,
612208,0.02892,
612446,0.02892,
612480,0.02892,
612524,0.02892,
612772,0.02892,
612895,0.02892,
612949,0.02892,
613049,0.01443,
613410,0.02892,
613681,0.02892,
614020,0.02892,
614737,0.02892,
614960,0.02892,
614989,0.02892,
615149,0.02892,
615199,0.02892,
615200,0.01443,
615453,0.02892,
615730,0.02892,
615814,0.02892,
615817,0.02892,
615962,0.02892,
616095,0.02892,
616357,0.02892,
616551,0.02892,
616587,0.02892,
616620,0.02892,
617103,0.02892,
617639,0.02892,
617884,0.02892,
618363,0.02892,
618969,0.02892,
619299,0.02892,
619328,0.02892,
619412,0.02892,
619657,0.01443,
619713,0.02892,
620239,0.02892,
620332,0.02892,
620435,0.02892,
620780,0.02892,
620854,0.02892,
620928,0.01443,
620959,0.02892,
620991,0.02892,
621359,0.02892,
621550,0.02892,
621815,0.02892,
622069,0.02892,
622120,0.02892,
622167,0.02892,
622946,0.02892,
623161,0.02892,
623258,0.02892,
623447,0.02892,
623776,0.02892,
623904,0.02892,
624031,0.02892,
624135,0.02892,
624264,0.02892,
624740,0.02892,
624862,0.02892,
625032,0.02892,
625426,0.02892,
625860,0.02892,
625976,0.02892,
626200,0.02892,
626316,0.02892,
626853,0.02892,
626866,0.01443,
627017,0.02892,
627459,0.02892,
627494,0.02892,
627679,0.02892,
627692,0.02892,
627769,0.02892,
628823,0.02892,
628903,0.02892,
629140,0.01443,
629215,0.02892,
629233,0.02892,
629276,0.02892,
629353,0.02892,
629392,0.02892,
629465,0.02892,
629806,0.02892,
629830,0.02892,
630076,0.02892,
630169,0.02892,
630402,0.02892,
630516,0.02892,
630998,0.02892,
631150,0.02892,
631821,0.02892,
631955,0.02892,
632237,0.02892,
632333,0.02892,
632679,0.02892,
632765,0.02892,
633204,0.02892,
633230,0.02892,
633240,0.02892,
633639,0.02892,
633887,0.01443,
633900,0.02892,
634333,0.02892,
634490,0.02892,
634660,0.02892,
634768,0.02892,
634772,0.02892,
634872,0.02892,
634909,0.02892,
635444,0.02892,
635581,0.02892,
636246,0.02892,
636405,0.02892,
636546,0.02892,
636627,0.02892,
636837,0.02892,
637308,0.02892,
637537,0.02892,
637810,0.02892,
638324,0.02892,
638382,0.02892,
638383,0.02892,
638531,0.02892,
638549,0.02892,
638869,0.02892,
639119,0.02892,
639122,0.02892,
639272,0.02892,
639283,0.02892,
639419,0.02892,
639781,0.02892,
640130,0.02892,
640170,0.02892,
640309,0.01443,
640314,0.02892,
640341,0.02892,
640645,0.02892,
640836,0.02892,
640917,0.02892,
641999,0.02892,
642087,0.02892,
642120,0.02892,
642159,0.02892,
642724,0.02892,
643047,0.02892,
643268,0.02892,
643496,0.02892,
643731,0.02892,
644007,0.02892,
644509,0.02892,
644614,0.02892,
644625,0.02892,
644638,0.02892,
644720,0.02892,
644916,0.02892,
645247,0.02892,
645295,0.02892,
645479,0.02892,
645609,0.02892,
645658,0.02892,
646106,0.02892,
646195,0.02892,
646429,0.02892,
647072,0.02892,
647462,0.02892,
647518,0.02892,
647704,0.02892,
647984,0.02892,
648333,0.02892,
648624,0.02892,
649004,0.02892,
649398,0.02892,
649458,0.02892,
649523,0.02892,
649541,0.02892,
649851,0.01462,
649881,0.02892,
650149,0.02892,
650222,0.02892,
650299,0.02892,
650504,0.02892,
650702,0.02892,
650838,0.02892,
650960,0.02892,
651017,0.02892,
651264,0.02892,
651407,0.02892,
651495,0.02892,
651882,0.02892,
652008,0.02892,
652118,0.02892,
652347,0.02892,
652381,0.02892,
652526,0.02892,
652660,0.02892,
652673,0.02892,
652859,0.02892,
652884,0.02892,
653738,0.02892,
653996,0.02892,
654063,0.02892,
654078,0.02892,
654344,0.02892,
654376,0.02892,
654510,0.02892,
654606,0.02892,
654643,0.02892,
654787,0.02892,
655146,0.02892,
655361,0.02892,
655469,0.02892,
655575,0.02892,
655581,0.02892,
655657,0.02892,
655930,0.02892,
656098,0.02892,
656366,0.02892,
656552,0.02892,
656585,0.02892,
656673,0.02892,
656712,0.02892,
656818,0.02892,
656962,0.02892,
657036,0.02892,
657184,0.02892,
657438,0.02892,
657692,0.02892,
657867,0.02892,
658109,0.02892,
658669,0.02892,
658947,0.02892,
658959,0.02892,
659133,0.02892,
659366,0.02892,
659543,0.02892,
659833,0.01443,
659931,0.01443,
659937,0.02892,
660089,0.02892,
660133,0.02892,
660302,0.02892,
660515,0.02892,
660954,0.02892,
661205,0.02892,
661330,0.02892,
661515,0.02892,
661537,0.02892,
662086,0.02892,
662166,0.02892,
662584,0.02892,
662741,0.02892,
662926,0.02892,
662975,0.01443,
663006,0.02892,
663159,0.02892,
663169,0.02892,
663174,0.02892,
663336,0.01462,
663370,0.02892,
663584,0.02892,
663709,0.02892,
663832,0.02892,
663955,0.02892,
663962,0.02892,
664183,0.02892,
664250,0.02892,
664256,0.02892,
665009,0.02892,
665234,0.02892,
665340,0.02892,
665549,0.02892,
665666,0.02892,
665975,0.02892,
666174,0.02892,
666211,0.02892,
666508,0.02892,
666543,0.02892,
666585,0.02892,
666683,0.02892,
667500,0.02892,
667536,0.02892,
667950,0.02892,
668287,0.02892,
668295,0.02892,
668350,0.02892,
668355,0.02892,
668764,0.02892,
668766,0.02892,
669277,0.02892,
669866,0.02892,
670074,0.02892,
670557,0.02892,
670583,0.02892,
670789,0.01443,
670816,0.02892,
670860,0.01462,
670918,0.01443,
670987,0.02892,
671108,0.02892,
671413,0.02892,
671485,0.02892,
671885,0.02892,
671937,0.02892,
672417,0.02892,
672575,0.02892,
672594,0.02892,
672621,0.02892,
672641,0.02892,
672918,0.01462,
672972,0.02892,
673102,0.02892,
673188,0.02892,
673218,0.02892,
673225,0.02892,
673573,0.02892,
673804,0.02892,
673922,0.02892,
674409,0.02892,
674523,0.02892,
674533,0.02892,
674690,0.02892,
674956,0.02892,
675265,0.02892,
675306,0.02892,
675462,0.02892,
675715,0.02892,
675859,0.02892,
675880,0.02892,
675942,0.02892,
676168,0.02892,
676170,0.02892,
676183,0.02892,
676194,0.02892,
676214,0.02892,
676388,0.02892,
676453,0.02892,
676518,0.02892,
676591,0.02892,
676897,0.02892,
677108,0.02892,
677411,0.02892,
677844,0.02892,
677863,0.02892,
677929,0.02892,
677943,0.02892,
678241,0.02892,
678769,0.02892,
679050,0.02892,
679052,0.01462,
679065,0.02892,
679077,0.02892,
679459,0.02892,
679544,0.02892,
679547,0.02892,
679606,0.02892,
679951,0.02892,
680093,0.02892,
680265,0.02892,
680455,0.02892,
680592,0.02892,
680702,0.01462,
680900,0.02892,
681381,0.02892,
681411,0.02892,
682830,0.02892,
683310,0.02892,
683351,0.02892,
683358,0.02892,
683438,0.02892,
683478,0.02892,
683857,0.02892,
683922,0.02892,
684062,0.02892,
684295,0.02892,
684298,0.02892,
684599,0.02892,
684648,0.02892,
684800,0.02892,
684959,0.02892,
685047,0.02892,
685507,0.02892,
685706,0.02892,
685813,0.02892,
685982,0.02892,
686273,0.02892,
686618,0.02892,
686863,0.02892,
687046,0.02892,
687848,0.02892,
688195,0.02892,
688445,0.02892,
688452,0.02892,
688545,0.02892,
688711,0.02892,
689391,0.02892,
689653,0.02892,
689791,0.02892,
690067,0.02892,
690078,0.02892,
690228,0.02892,
690346,0.02892,
690413,0.02892,
690608,0.02892,
690676,0.02892,
690966,0.02892,
691093,0.02892,
691135,0.02892,
692115,0.02892,
692294,0.02892,
692309,0.02892,
692395,0.02892,
692697,0.02892,
692718,0.02892,
692744,0.02892,
693053,0.02892,
693699,0.02892,
693930,0.02892,
693986,0.02892,
694106,0.02892,
694111,0.02892,
694118,0.02892,
694223,0.02892,
694265,0.02892,
694266,0.02892,
694290,0.02892,
694814,0.01443,
695315,0.02892,
695318,0.02892,
695590,0.02892,
695628,0.02892,
695763,0.02892,
695848,0.02892,
695920,0.02892,
695965,0.02892,
696245,0.02892,
696282,0.02892,
696643,0.02892,
697031,0.02892,
697127,0.02892,
697188,0.02892,
698072,0.02892,
698107,0.02892,
698183,0.02892,
698213,0.02892,
698313,0.02892,
698406,0.02892,
698427,0.02892,
698581,0.02892,
698938,0.02892,
698958,0.02892,
699258,0.02892,
699443,0.02892,
699462,0.02892,
699573,0.02892,
699740,0.02892,
699752,0.02892,
699777,0.02892,
699873,0.02892,
699985,0.01462,
700369,0.02892,
700502,0.02892,
700537,0.02892,
700703,0.02892,
700764,0.02892,
700799,0.02892,
700921,0.02892,
701312,0.02892,
701637,0.02892,
701656,0.02892,
701788,0.02892,
701925,0.02892,
702002,0.02892,
702047,0.02892,
702123,0.02892,
702225,0.02892,
702357,0.02892,
702597,0.02892,
702719,0.02892,
702899,0.02892,
702927,0.02892,
702929,0.02892,
703024,0.02892,
703055,0.02892,
703227,0.02892,
703238,0.02892,
703799,0.02892,
703879,0.02892,
703933,0.02892,
704089,0.02892,
704097,0.02892,
704174,0.02892,
704190,0.02892,
704234,0.02892,
704335,0.02892,
704373,0.02892,
704586,0.02892,
704808,0.02892,
704809,0.02892,
705180,0.02892,
705195,0.02892,
705379,0.02892,
705418,0.02892,
705646,0.01462,
705912,0.02892,
706605,0.02892,
706994,0.02892,
707022,0.02892,
707088,0.02892,
707353,0.02892,
707386,0.02892,
707740,0.02892,
708073,0.02892,
708525,0.02892,
708598,0.02892,
708874,0.02892,
709053,0.02892,
709121,0.02892,
710120,0.02892,
710165,0.02892,
710190,0.02892,
710396,0.02892,
710430,0.02892,
710631,0.02892,
710741,0.02892,
710875,0.02892,
711258,0.02892,
711312,0.02892,
711500,0.01462,
712048,0.02892,
712255,0.02892,
712543,0.02892,
712818,0.02892,
712850,0.02892,
712961,0.02892,
713178,0.01443,
713374,0.01462,
713435,0.02892,
713980,0.02892,
714269,0.02892,
714396,0.02892,
714573,0.02892,
714666,0.02892,
715318,0.02892,
715352,0.02892,
715454,0.02892,
715480,0.02892,
715543,0.02892,
715978,0.02892,
715983,0.02892,
716161,0.02892,
716282,0.02892,
716329,0.02892,
716398,0.02892,
716409,0.02892,
716464,0.02892,
716503,0.02892,
716845,0.02892,
717159,0.02892,
717441,0.02892,
717450,0.02892,
717483,0.02892,
717577,0.02892,
717578,0.02892,
717595,0.02892,
718272,0.02892,
718310,0.02892,
718390,0.01443,
718512,0.02892,
718608,0.02892,
718796,0.02892,
719071,0.02892,
719151,0.02892,
719374,0.02892,
719446,0.02892,
719805,0.02892,
719822,0.02892,
719893,0.02892,
719978,0.02892,
720279,0.01462,
720541,0.02892,
720733,0.02892,
720824,0.02892,
721074,0.02892,
721502,0.02892,
721940,0.02892,
722068,0.02892,
722235,0.02892,
722287,0.02892,
722366,0.02892,
722403,0.02892,
722707,0.02892,
722905,0.02892,
723047,0.02892,
723063,0.02892,
723383,0.02892,
723578,0.02892,
723695,0.01443,
723728,0.02892,
723754,0.01443,
723787,0.02892,
724318,0.02892,
724506,0.02892,
724586,0.02892,
724652,0.02892,
724697,0.02892,
724713,0.02892,
725052,0.02892,
726109,0.02892,
726274,0.02892,
726598,0.02892,
726648,0.02892,
726938,0.02892,
727289,0.02892,
727518,0.02892,
727565,0.02892,
727578,0.02892,
727695,0.02892,
728182,0.02892,
728231,0.01462,
728329,0.02892,
729213,0.02892,
729496,0.02892,
729584,0.02892,
729675,0.01443,
729771,0.02892,
730008,0.01462,
730045,0.02892,
730100,0.02892,
730271,0.02892,
730284,0.02892,
730305,0.02892,
730498,0.02892,
730522,0.02892,
730602,0.02892,
730804,0.02892,
730824,0.02892,
731365,0.02892,
731554,0.02892,
731845,0.02892,
731924,0.02892,
732023,0.02892,
732055,0.02892,
732135,0.02892,
732152,0.02892,
732450,0.01443,
732805,0.02892,
732858,0.02892,
733129,0.01443,
733244,0.02892,
733437,0.01443,
733445,0.02892,
733473,0.02892,
733618,0.02892,
734030,0.02892,
734085,0.01462,
734624,0.02892,
734706,0.02892,
734822,0.02892,
735641,0.02892,
735858,0.01443,
736570,0.02892,
736826,0.02892,
736867,0.02892,
737264,0.02892,
737430,0.02892,
737460,0.02892,
737886,0.02892,
737929,0.02892,
738707,0.02892,
738725,0.02892,
739187,0.02892,
739465,0.02892,
739693,0.02892,
739762,0.02892,
740063,0.02892,
740746,0.02892,
740749,0.02892,
740984,0.02892,
741100,0.02892,
741297,0.02892,
741434,0.02892,
741974,0.02892,
742228,0.02892,
742276,0.01443,
742372,0.02892,
742376,0.02892,
742496,0.02892,
742668,0.02892,
742703,0.02892,
742716,0.01462,
742932,0.02892,
742993,0.02892,
743166,0.02892,
743314,0.02892,
743352,0.02892,
743377,0.02892,
743505,0.02892,
744057,0.02892,
744279,0.02892,
744872,0.02892,
745204,0.02892,
745259,0.02892,
745762,0.02892,
745979,0.02892,
746006,0.02892,
746049,0.02892,
746251,0.02892,
746329,0.01443,
746497,0.02892,
746514,0.02892,
746535,0.02892,
746732,0.02892,
746993,0.02892,
747087,0.02892,
747408,0.02892,
747970,0.02892,
748346,0.02892,
748430,0.02892,
748445,0.02892,
748524,0.02892,
748593,0.02892,
748594,0.02892,
748997,0.02892,
749170,0.02892,
749340,0.02892,
749405,0.01462,
749993,0.02892,
750129,0.02892,
750373,0.02892,
750553,0.02892,
750728,0.02892,
750971,0.02892,
751196,0.02892,
751242,0.02892,
752034,0.02892,
752306,0.02892,
752412,0.02892,
752790,0.02892,
752874,0.02892,
752904,0.02892,
753058,0.02892,
753220,0.02892,
754306,0.01462,
754620,0.02892,
754903,0.02892,
755028,0.02892,
755292,0.02892,
755462,0.02892,
755656,0.02892,
755751,0.02892,
755927,0.02892,
756194,0.02892,
756255,0.02892,
756339,0.02892,
756415,0.02892,
756668,0.02892,
756800,0.02892,
757626,0.02892,
757843,0.02892,
758025,0.02892,
758161,0.02892,
758361,0.02892,
758401,0.02892,
758422,0.02892,
758454,0.02892,
758567,0.02892,
758740,0.02892,
758935,0.02892,
759020,0.02892,
759087,0.02892,
759532,0.02892,
759677,0.02892,
759680,0.02892,
759797,0.02892,
759871,0.02892,
760193,0.02892,
760427,0.02892,
760795,0.02892,
761051,0.02892,
761553,0.02892,
761820,0.02892,
762055,0.02892,
762283,0.02892,
762716,0.02892,
762785,0.02892,
762933,0.02892,
763039,0.02892,
763239,0.02892,
763514,0.02892,
763576,0.02892,
763673,0.02892,
763771,0.02892,
763946,0.02892,
764055,0.02892,
764234,0.02892,
764382,0.02892,
764609,0.02892,
764841,0.02892,
764876,0.02892,
764933,0.02892,
764960,0.02892,
764977,0.02892,
765149,0.02892,
765236,0.02892,
765422,0.02892,
765487,0.02892,
765845,0.02892,
765950,0.02892,
765996,0.02892,
766020,0.02892,
766329,0.02892,
766452,0.02892,
766599,0.02892,
766657,0.02892,
766868,0.02892,
767196,0.02892,
767368,0.02892,
767440,0.02892,
767515,0.02892,
767541,0.02892,
767792,0.02892,
768182,0.02892,
768197,0.02892,
768247,0.02892,
768252,0.02892,
768340,0.02892,
768348,0.02892,
768914,0.02892,
769005,0.02892,
769034,0.02892,
769341,0.02892,
769836,0.02892,
769952,0.02892,
770210,0.02892,
770315,0.02892,
770430,0.02892,
770472,0.02892,
770687,0.02892,
770762,0.02892,
770776,0.02892,
771024,0.02892,
771063,0.02892,
771104,0.02892,
771460,0.02892,
771476,0.02892,
771542,0.02892,
771920,0.01443,
772048,0.02892,
772063,0.02892,
772183,0.02892,
772258,0.02892,
772337,0.02892,
772445,0.02892,
773210,0.02892,
773354,0.02892,
773365,0.02892,
773592,0.02892,
773605,0.02892,
773937,0.02892,
773942,0.02892,
773949,0.02892,
774067,0.02892,
774274,0.02892,
774311,0.02892,
774356,0.02892,
774375,0.02892,
774532,0.02892,
774859,0.02892,
774896,0.02892,
775090,0.02892,
775108,0.02892,
775297,0.02892,
775459,0.02892,
775580,0.02892,
775745,0.02892,
775810,0.02892,
775839,0.02892,
775952,0.02892,
776091,0.02892,
776105,0.02892,
776233,0.02892,
776813,0.02892,
776905,0.02892,
777009,0.02892,
777153,0.02892,
777180,0.02892,
777343,0.02892,
777431,0.02892,
778052,0.02892,
778777,0.02892,
779045,0.01462,
779397,0.02892,
779558,0.02892,
779605,0.01443,
780595,0.02892,
780694,0.02892,
780868,0.02892,
780936,0.02892,
781081,0.02892,
781486,0.02892,
781633,0.02892,
781672,0.02892,
781729,0.02892,
781761,0.02892,
781874,0.02892,
781875,0.02892,
782201,0.02892,
782813,0.02892,
782844,0.02892,
782948,0.02892,
782972,0.02892,
783114,0.02892,
783138,0.02892,
783248,0.02892,
783334,0.02892,
783596,0.02892,
783621,0.02892,
783871,0.02892,
783917,0.02892,
783918,0.02892,
783932,0.01462,
784358,0.02892,
784379,0.02892,
784563,0.02892,
784598,0.02892,
784607,0.02892,
784644,0.02892,
785086,0.02892,
785655,0.02892,
785665,0.02892,
785793,0.02892,
785936,0.02892,
786058,0.02892,
786070,0.02892,
786601,0.02892,
786902,0.02892,
786972,0.02892,
787107,0.02892,
787423,0.02892,
787541,0.02892,
787795,0.02892,
788018,0.02892,
788059,0.01443,
788527,0.02892,
788593,0.02892,
788619,0.02892,
788838,0.02892,
789014,0.02892,
789182,0.02892,
789253,0.02892,
789385,0.02892,
789830,0.02892,
790015,0.02892,
790289,0.02892,
790682,0.01443,
790863,0.02892,
791017,0.02892,
791239,0.02892,
791263,0.02892,
791290,0.02892,
791311,0.02892,
791748,0.02892,
792211,0.02892,
792433,0.02892,
792682,0.02892,
792796,0.02892,
792903,0.01443,
793136,0.02892,
793200,0.02892,
793624,0.02892,
793880,0.02892,
793889,0.02892,
794172,0.02892,
794296,0.02892,
794391,0.02892,
794523,0.02892,
794591,0.02892,
794830,0.02892,
795365,0.02892,
795378,0.02892,
795664,0.02892,
796130,0.02892,
796273,0.02892,
796441,0.02892,
796651,0.02892,
796743,0.02892,
796913,0.02892,
796920,0.02892,
797574,0.02892,
798152,0.02892,
798268,0.02892,
798304,0.02892,
798485,0.02892,
798557,0.02892,
798719,0.02892,
798870,0.02892,
798983,0.02892,
799224,0.02892,
799688,0.01443,
799753,0.02892,
799780,0.02892,
800082,0.02892,
800285,0.01462,
800420,0.02892,
800944,0.01462,
801018,0.02892,
801030,0.02892,
801073,0.02892,
801128,0.02892,
801275,0.02892,
801305,0.02892,
801312,0.02892,
801858,0.02892,
801989,0.02892,
802083,0.02892,
802171,0.02892,
802317,0.02892,
802471,0.01443,
802602,0.02892,
803299,0.02892,
803762,0.02892,
804032,0.02892,
804177,0.02892,
804298,0.02892,
804333,0.02892,
804378,0.02892,
804431,0.02892,
804461,0.02892,
804726,0.02892,
804877,0.02892,
804927,0.02892,
805146,0.02892,
805800,0.02892,
805920,0.02892,
805927,0.02892,
805940,0.02892,
805992,0.02892,
806266,0.02892,
806312,0.02892,
806479,0.02892,
807160,0.01443,
807775,0.02892,
807979,0.02892,
808176,0.02892,
808383,0.02892,
808537,0.02892,
808587,0.02892,
809117,0.02892,
809404,0.01462,
809461,0.01443,
809509,0.02892,
809660,0.01462,
809753,0.02892,
809912,0.02892,
809934,0.02892,
810334,0.02892,
810670,0.02892,
810766,0.02892,
810779,0.02892,
810889,0.02892,
810899,0.02892,
811434,0.02892,
811587,0.02892,
812026,0.02892,
812033,0.02892,
812773,0.02892,
812924,0.02892,
812978,0.02892,
813033,0.02892,
813386,0.02892,
813430,0.02892,
813470,0.02892,
813533,0.02892,
813618,0.02892,
814008,0.02892,
814019,0.02892,
814072,0.02892,
814151,0.02892,
814853,0.02892,
815079,0.02892,
815271,0.02892,
815342,0.02892,
815552,0.02892,
815979,0.02892,
816233,0.02892,
816278,0.02892,
816448,0.02892,
816632,0.02892,
818094,0.02892,
818292,0.02892,
818572,0.02892,
818720,0.02892,
818780,0.02892,
818934,0.02892,
819359,0.02892,
819510,0.02892,
820206,0.02892,
820274,0.02892,
820426,0.02892,
820544,0.02892,
820615,0.01443,
820650,0.02892,
820842,0.02892,
821271,0.02892,
821557,0.02892,
822241,0.02892,
822278,0.02892,
822480,0.02892,
822513,0.02892,
822576,0.02892,
822846,0.01462,
822871,0.02892,
823200,0.02892,
823294,0.02892,
823345,0.02892,
823484,0.02892,
823870,0.02892,
824062,0.02892,
824609,0.02892,
825155,0.02892,
825564,0.02892,
825652,0.02892,
825654,0.02892,
825975,0.02892,
826045,0.02892,
826089,0.02892,
826273,0.02892,
826324,0.02892,
826374,0.02892,
826468,0.02892,
826545,0.02892,
826573,0.02892,
826579,0.02892,
826586,0.02892,
826720,0.02892,
827042,0.02892,
827297,0.02892,
827364,0.02892,
827527,0.02892,
827653,0.02892,
827851,0.02892,
827857,0.02892,
827903,0.02892,
828096,0.02892,
828218,0.02892,
828628,0.02892,
828775,0.02892,
829121,0.01443,
829123,0.02892,
829131,0.02892,
829141,0.02892,
829213,0.02892,
829276,0.02892,
829365,0.02892,
829432,0.02892,
829727,0.02892,
829784,0.01443,
829829,0.02892,
830230,0.02892,
830381,0.02892,
830437,0.02892,
830544,0.02892,
830732,0.02892,
831317,0.02892,
831606,0.02892,
831727,0.02892,
832449,0.02892,
832486,0.02892,
832722,0.02892,
832847,0.02892,
832852,0.02892,
832987,0.02892,
833227,0.02892,
833453,0.02892,
833593,0.01462,
833615,0.02892,
833721,0.02892,
833922,0.02892,
834096,0.02892,
834153,0.02892,
834194,0.02892,
834238,0.02892,
834241,0.02892,
834268,0.02892,
834289,0.02892,
834318,0.02892,
834488,0.02892,
834947,0.02892,
835382,0.02892,
835419,0.02892,
835461,0.02892,
835546,0.02892,
835707,0.02892,
835749,0.02892,
836167,0.02892,
836264,0.02892,
836265,0.02892,
836482,0.02892,
836521,0.02892,
836595,0.02892,
837307,0.02892,
837458,0.02892,
837782,0.02892,
837903,0.02892,
839357,0.02892,
839556,0.02892,
839736,0.02892,
839967,0.02892,
840219,0.02892,
840849,0.01443,
841139,0.02892,
841430,0.02892,
841551,0.02892,
842245,0.02892,
842714,0.02892,
843222,0.02892,
843509,0.02892,
843758,0.02892,
843855,0.02892,
844497,0.02892,
844676,0.02892,
844804,0.02892,
844813,0.02892,
844852,0.02892,
844962,0.02892,
844999,0.02892,
845041,0.02892,
845190,0.02892,
845195,0.02892,
845442,0.02892,
