eventID,numPhot,
0,14,
1,16,
2,18,
3,0,
4,14,
5,18,
6,16,
7,18,
8,18,
9,18,
10,18,
11,17,
12,17,
13,17,
14,19,
15,16,
16,0,
17,19,
18,15,
19,18,
20,20,
21,18,
22,18,
23,19,
24,16,
25,16,
26,5,
27,16,
28,18,
29,16,
30,16,
31,18,
32,20,
33,0,
34,19,
35,20,
36,2,
37,0,
38,19,
39,15,
40,17,
41,18,
42,16,
43,17,
44,0,
45,16,
46,18,
47,16,
48,19,
49,14,
50,19,
51,17,
52,18,
53,0,
54,14,
55,0,
56,7,
57,19,
58,17,
59,15,
60,14,
61,18,
62,15,
63,17,
64,17,
65,11,
66,18,
67,0,
68,15,
69,18,
70,0,
71,19,
72,19,
73,15,
74,19,
75,18,
76,19,
77,17,
78,20,
79,19,
80,14,
81,18,
82,15,
83,17,
84,0,
85,18,
86,16,
87,0,
88,17,
89,18,
90,18,
91,18,
92,19,
93,17,
94,0,
95,15,
96,0,
97,19,
98,15,
99,0,
100,18,
101,19,
102,21,
103,19,
104,0,
105,20,
106,20,
107,17,
108,0,
109,17,
110,18,
111,13,
112,19,
113,19,
114,16,
115,18,
116,19,
117,0,
118,19,
119,17,
120,16,
121,19,
122,6,
123,16,
124,19,
125,0,
126,0,
127,17,
128,0,
129,17,
130,0,
131,20,
132,18,
133,19,
134,19,
135,0,
136,18,
137,19,
138,18,
139,0,
140,19,
141,17,
142,1,
143,17,
144,16,
145,18,
146,16,
147,17,
148,17,
149,12,
150,17,
151,19,
152,18,
153,14,
154,16,
155,19,
156,16,
157,18,
158,17,
159,18,
160,14,
161,18,
162,18,
163,0,
164,17,
165,17,
166,18,
167,18,
168,19,
169,19,
170,20,
171,19,
172,18,
173,16,
174,19,
175,17,
176,0,
177,19,
178,16,
179,19,
180,19,
181,14,
182,20,
183,18,
184,15,
185,18,
186,17,
187,16,
188,20,
189,21,
190,19,
191,19,
192,19,
193,16,
194,16,
195,21,
196,21,
197,17,
198,19,
199,16,
200,19,
201,17,
202,20,
203,16,
204,11,
205,21,
206,7,
207,18,
208,16,
209,20,
210,0,
211,17,
212,0,
213,18,
214,18,
215,18,
216,8,
217,0,
218,0,
219,18,
220,19,
221,17,
222,18,
223,0,
224,20,
225,9,
226,19,
227,19,
228,18,
229,17,
230,19,
231,23,
232,18,
233,19,
234,15,
235,19,
236,16,
237,17,
238,18,
239,0,
240,19,
241,19,
242,19,
243,6,
244,19,
245,14,
246,0,
247,18,
248,18,
249,0,
250,19,
251,15,
252,18,
253,20,
254,18,
255,20,
256,18,
257,17,
258,0,
259,19,
260,16,
261,0,
262,17,
263,14,
264,17,
265,0,
266,16,
267,18,
268,16,
269,17,
270,12,
271,18,
272,18,
273,19,
274,17,
275,21,
276,18,
277,18,
278,18,
279,19,
280,17,
281,19,
282,18,
283,19,
284,19,
285,19,
286,15,
287,18,
288,0,
289,16,
290,18,
291,17,
292,20,
293,15,
294,17,
295,17,
296,19,
297,17,
298,15,
299,17,
300,14,
301,22,
302,18,
303,18,
304,15,
305,0,
306,0,
307,19,
308,0,
309,17,
310,19,
311,10,
312,0,
313,19,
314,18,
315,16,
316,16,
317,0,
318,19,
319,17,
320,19,
321,19,
322,16,
323,18,
324,0,
325,18,
326,16,
327,18,
328,16,
329,18,
330,0,
331,18,
332,0,
333,21,
334,18,
335,0,
336,19,
337,19,
338,0,
339,19,
340,18,
341,13,
342,17,
343,19,
344,16,
345,22,
346,13,
347,16,
348,13,
349,16,
350,19,
351,0,
352,16,
353,17,
354,27,
355,21,
356,18,
357,17,
358,8,
359,21,
360,19,
361,0,
362,14,
363,19,
364,15,
365,1,
366,0,
367,19,
368,12,
369,19,
370,0,
371,19,
372,0,
373,19,
374,17,
375,18,
376,16,
377,18,
378,15,
379,16,
380,15,
381,16,
382,0,
383,17,
384,18,
385,20,
386,17,
387,18,
388,0,
389,14,
390,18,
391,0,
392,14,
393,18,
394,19,
395,18,
396,15,
397,20,
398,15,
399,19,
400,15,
401,15,
402,14,
403,0,
404,18,
405,17,
406,18,
407,18,
408,19,
409,0,
410,17,
411,7,
412,0,
413,14,
414,15,
415,17,
416,18,
417,19,
418,0,
419,18,
420,21,
421,15,
422,19,
423,17,
424,0,
425,19,
426,19,
427,0,
428,18,
429,0,
430,19,
431,19,
432,21,
433,18,
434,15,
435,18,
436,0,
437,20,
438,17,
439,0,
440,16,
441,19,
442,18,
443,17,
444,0,
445,0,
446,19,
447,17,
448,0,
449,15,
450,18,
451,18,
452,19,
453,17,
454,19,
455,18,
456,0,
457,18,
458,16,
459,18,
460,15,
461,18,
462,15,
463,20,
464,17,
465,19,
466,19,
467,17,
468,17,
469,17,
470,14,
471,17,
472,15,
473,16,
474,18,
475,18,
476,0,
477,23,
478,17,
479,0,
480,19,
481,15,
482,16,
483,18,
484,18,
485,18,
486,17,
487,16,
488,0,
489,16,
490,18,
491,16,
492,18,
493,0,
494,19,
495,19,
496,18,
497,18,
498,0,
499,18,
500,17,
501,21,
502,19,
503,24,
504,0,
505,17,
506,16,
507,20,
508,20,
509,19,
510,16,
511,20,
512,19,
513,0,
514,0,
515,0,
516,19,
517,18,
518,18,
519,20,
520,16,
521,15,
522,20,
523,14,
524,18,
525,14,
526,17,
527,20,
528,19,
529,18,
530,16,
531,0,
532,17,
533,19,
534,0,
535,16,
536,18,
537,18,
538,19,
539,21,
540,20,
541,20,
542,19,
543,19,
544,18,
545,16,
546,19,
547,18,
548,16,
549,0,
550,18,
551,0,
552,20,
553,0,
554,20,
555,0,
556,16,
557,19,
558,12,
559,20,
560,17,
561,0,
562,19,
563,0,
564,18,
565,17,
566,20,
567,15,
568,19,
569,17,
570,16,
571,19,
572,17,
573,0,
574,18,
575,19,
576,20,
577,14,
578,17,
579,16,
580,0,
581,15,
582,0,
583,19,
584,18,
585,16,
586,21,
587,17,
588,0,
589,17,
590,18,
591,2,
592,17,
593,16,
594,18,
595,19,
596,19,
597,18,
598,20,
599,18,
600,0,
601,19,
602,6,
603,19,
604,13,
605,18,
606,18,
607,17,
608,14,
609,18,
610,16,
611,19,
612,18,
613,20,
614,17,
615,0,
616,0,
617,16,
618,0,
619,19,
620,18,
621,19,
622,14,
623,19,
624,18,
625,22,
626,19,
627,20,
628,0,
629,18,
630,13,
631,19,
632,0,
633,17,
634,15,
635,0,
636,18,
637,18,
638,17,
639,19,
640,18,
641,18,
642,0,
643,18,
644,21,
645,21,
646,0,
647,18,
648,17,
649,20,
650,20,
651,16,
652,21,
653,16,
654,18,
655,18,
656,17,
657,15,
658,14,
659,13,
660,15,
661,15,
662,18,
663,18,
664,17,
665,19,
666,16,
667,19,
668,0,
669,0,
670,19,
671,0,
672,12,
673,18,
674,19,
675,17,
676,16,
677,17,
678,17,
679,20,
680,19,
681,0,
682,0,
683,14,
684,0,
685,19,
686,21,
687,17,
688,19,
689,0,
690,20,
691,19,
692,18,
693,19,
694,17,
695,17,
696,16,
697,17,
698,15,
699,19,
700,19,
701,19,
702,0,
703,15,
704,21,
705,18,
706,17,
707,18,
708,18,
709,18,
710,19,
711,18,
712,16,
713,14,
714,19,
715,18,
716,18,
717,15,
718,19,
719,19,
720,15,
721,19,
722,19,
723,0,
724,19,
725,19,
726,19,
727,17,
728,0,
729,14,
730,18,
731,17,
732,16,
733,20,
734,10,
735,19,
736,13,
737,19,
738,17,
739,0,
740,19,
741,0,
742,6,
743,19,
744,17,
745,19,
746,16,
747,0,
748,17,
749,17,
750,0,
751,16,
752,0,
753,19,
754,18,
755,18,
756,18,
757,0,
758,17,
759,0,
760,19,
761,0,
762,12,
763,19,
764,18,
765,0,
766,19,
767,17,
768,16,
769,18,
770,18,
771,19,
772,0,
773,13,
774,18,
775,18,
776,20,
777,1,
778,18,
779,19,
780,20,
781,16,
782,19,
783,16,
784,18,
785,20,
786,19,
787,18,
788,15,
789,0,
790,0,
791,18,
792,19,
793,20,
794,17,
795,10,
796,0,
797,18,
798,17,
799,17,
800,18,
801,18,
802,19,
803,18,
804,19,
805,17,
806,0,
807,23,
808,17,
809,18,
810,20,
811,18,
812,20,
813,16,
814,17,
815,18,
816,20,
817,14,
818,20,
819,18,
820,6,
821,16,
822,6,
823,18,
824,16,
825,19,
826,19,
827,19,
828,18,
829,18,
830,14,
831,19,
832,0,
833,19,
834,0,
835,17,
836,17,
837,0,
838,19,
839,19,
840,19,
841,18,
842,20,
843,0,
844,19,
845,19,
846,18,
847,18,
848,18,
849,16,
850,18,
851,18,
852,0,
853,0,
854,18,
855,16,
856,5,
857,18,
858,19,
859,16,
860,19,
861,18,
862,18,
863,19,
864,12,
865,0,
866,19,
867,19,
868,18,
869,18,
870,0,
871,0,
872,19,
873,19,
874,18,
875,19,
876,19,
877,23,
878,18,
879,19,
880,19,
881,0,
882,18,
883,15,
884,22,
885,18,
886,17,
887,19,
888,18,
889,15,
890,19,
891,18,
892,16,
893,18,
894,14,
895,0,
896,18,
897,17,
898,6,
899,19,
900,14,
901,18,
902,20,
903,17,
904,20,
905,0,
906,13,
907,16,
908,18,
909,0,
910,19,
911,0,
912,0,
913,7,
914,18,
915,19,
916,0,
917,15,
918,18,
919,19,
920,17,
921,3,
922,19,
923,0,
924,18,
925,16,
926,22,
927,18,
928,17,
929,18,
930,0,
931,19,
932,0,
933,18,
934,16,
935,19,
936,20,
937,18,
938,17,
939,19,
940,19,
941,18,
942,21,
943,0,
944,18,
945,19,
946,18,
947,19,
948,19,
949,16,
950,19,
951,0,
952,17,
953,14,
954,18,
955,17,
956,19,
957,17,
958,18,
959,19,
960,0,
961,21,
962,19,
963,17,
964,12,
965,6,
966,17,
967,19,
968,17,
969,19,
970,18,
971,19,
972,17,
973,18,
974,18,
975,16,
976,17,
977,15,
978,21,
979,17,
980,15,
981,20,
982,13,
983,14,
984,17,
985,15,
986,17,
987,19,
988,19,
989,0,
990,17,
991,20,
992,20,
993,18,
994,18,
995,0,
996,16,
997,18,
998,18,
999,19,
1000,0,
1001,18,
1002,16,
1003,9,
1004,19,
1005,20,
1006,17,
1007,18,
1008,0,
1009,16,
1010,17,
1011,18,
1012,18,
1013,20,
1014,17,
1015,15,
1016,18,
1017,19,
1018,17,
1019,18,
1020,18,
1021,17,
1022,18,
1023,0,
1024,19,
1025,14,
1026,15,
1027,14,
1028,18,
1029,19,
1030,17,
1031,19,
1032,0,
1033,15,
1034,17,
1035,11,
1036,19,
1037,0,
1038,16,
1039,0,
1040,19,
1041,19,
1042,0,
1043,13,
1044,19,
1045,20,
1046,18,
1047,19,
1048,21,
1049,1,
1050,18,
1051,16,
1052,20,
1053,17,
1054,23,
1055,17,
1056,0,
1057,19,
1058,19,
1059,15,
1060,19,
1061,15,
1062,16,
1063,18,
1064,18,
1065,19,
1066,19,
1067,17,
1068,0,
1069,18,
1070,0,
1071,21,
1072,22,
1073,17,
1074,19,
1075,17,
1076,0,
1077,19,
1078,18,
1079,18,
1080,18,
1081,19,
1082,0,
1083,19,
1084,18,
1085,21,
1086,8,
1087,19,
1088,18,
1089,21,
1090,17,
1091,19,
1092,0,
1093,0,
1094,17,
1095,18,
1096,16,
1097,17,
1098,20,
1099,18,
1100,17,
1101,20,
1102,12,
1103,19,
1104,18,
1105,17,
1106,17,
1107,12,
1108,15,
1109,17,
1110,18,
1111,17,
1112,19,
1113,0,
1114,19,
1115,17,
1116,15,
1117,20,
1118,22,
1119,15,
1120,18,
1121,18,
1122,16,
1123,17,
1124,18,
1125,13,
1126,0,
1127,18,
1128,12,
1129,13,
1130,21,
1131,0,
1132,18,
1133,14,
1134,19,
1135,20,
1136,19,
1137,11,
1138,19,
1139,0,
1140,16,
1141,22,
1142,19,
1143,16,
1144,17,
1145,18,
1146,18,
1147,19,
1148,18,
1149,19,
1150,20,
1151,17,
1152,13,
1153,17,
1154,0,
1155,19,
1156,0,
1157,18,
1158,18,
1159,16,
1160,17,
1161,0,
1162,19,
1163,18,
1164,16,
1165,19,
1166,17,
1167,21,
1168,19,
1169,19,
1170,15,
1171,19,
1172,17,
1173,16,
1174,19,
1175,19,
1176,0,
1177,21,
1178,15,
1179,17,
1180,17,
1181,24,
1182,18,
1183,18,
1184,19,
1185,24,
1186,0,
1187,17,
1188,19,
1189,14,
1190,12,
1191,18,
1192,14,
1193,19,
1194,15,
1195,11,
1196,16,
1197,18,
1198,18,
1199,17,
1200,0,
1201,0,
1202,17,
1203,16,
1204,18,
1205,14,
1206,17,
1207,16,
1208,2,
1209,17,
1210,0,
1211,13,
1212,17,
1213,4,
1214,17,
1215,18,
1216,19,
1217,19,
1218,0,
1219,19,
1220,18,
1221,20,
1222,20,
1223,0,
1224,17,
1225,0,
1226,18,
1227,19,
1228,20,
1229,18,
1230,13,
1231,18,
1232,15,
1233,21,
1234,0,
1235,0,
1236,20,
1237,0,
1238,19,
1239,0,
1240,16,
1241,18,
1242,14,
1243,15,
1244,0,
1245,13,
1246,18,
1247,19,
1248,17,
1249,1,
1250,17,
1251,17,
1252,18,
1253,16,
1254,0,
1255,17,
1256,14,
1257,0,
1258,18,
1259,17,
1260,15,
1261,17,
1262,17,
1263,17,
1264,16,
1265,18,
1266,19,
1267,0,
1268,18,
1269,19,
1270,18,
1271,5,
1272,17,
1273,0,
1274,18,
1275,25,
1276,17,
1277,0,
1278,22,
1279,19,
1280,0,
1281,16,
1282,17,
1283,0,
1284,17,
1285,0,
1286,16,
1287,18,
1288,18,
1289,0,
1290,16,
1291,20,
1292,5,
1293,18,
1294,18,
1295,19,
1296,12,
1297,19,
1298,20,
1299,16,
1300,14,
1301,18,
1302,15,
1303,15,
1304,0,
1305,15,
1306,0,
1307,20,
1308,19,
1309,18,
1310,19,
1311,19,
1312,17,
1313,19,
1314,18,
1315,19,
1316,0,
1317,18,
1318,17,
1319,10,
1320,20,
1321,19,
1322,20,
1323,15,
1324,17,
1325,19,
1326,13,
1327,18,
1328,0,
1329,16,
1330,0,
1331,0,
1332,15,
1333,10,
1334,15,
1335,20,
1336,17,
1337,0,
1338,17,
1339,0,
1340,19,
1341,17,
1342,20,
1343,18,
1344,19,
1345,16,
1346,16,
1347,17,
1348,0,
1349,19,
1350,14,
1351,18,
1352,13,
1353,21,
1354,11,
1355,4,
1356,0,
1357,19,
1358,18,
1359,18,
1360,17,
1361,20,
1362,20,
1363,17,
1364,14,
1365,18,
1366,18,
1367,18,
1368,0,
1369,19,
1370,17,
1371,15,
1372,0,
1373,15,
1374,18,
1375,19,
1376,19,
1377,20,
1378,18,
1379,18,
1380,16,
1381,21,
1382,15,
1383,19,
1384,19,
1385,0,
1386,25,
1387,18,
1388,17,
1389,18,
1390,18,
1391,20,
1392,18,
1393,19,
1394,19,
1395,0,
1396,18,
1397,19,
1398,0,
1399,16,
1400,12,
1401,13,
1402,17,
1403,10,
1404,17,
1405,15,
1406,17,
1407,20,
1408,0,
1409,0,
1410,19,
1411,19,
1412,18,
1413,18,
1414,19,
1415,0,
1416,18,
1417,19,
1418,16,
1419,22,
1420,18,
1421,20,
1422,16,
1423,17,
1424,14,
1425,19,
1426,4,
1427,19,
1428,19,
1429,18,
1430,17,
1431,17,
1432,19,
1433,18,
1434,14,
1435,17,
1436,19,
1437,14,
1438,0,
1439,19,
1440,16,
1441,20,
1442,19,
1443,12,
1444,14,
1445,0,
1446,0,
1447,19,
1448,18,
1449,18,
1450,18,
1451,19,
1452,20,
1453,17,
1454,19,
1455,18,
1456,0,
1457,20,
1458,18,
1459,17,
1460,16,
1461,18,
1462,15,
1463,0,
1464,10,
1465,15,
1466,17,
1467,21,
1468,17,
1469,0,
1470,18,
1471,0,
1472,18,
1473,19,
1474,21,
1475,16,
1476,16,
1477,19,
1478,16,
1479,18,
1480,18,
1481,16,
1482,17,
1483,17,
1484,0,
1485,19,
1486,0,
1487,15,
1488,16,
1489,18,
1490,13,
1491,16,
1492,18,
1493,17,
1494,1,
1495,17,
1496,18,
1497,9,
1498,14,
1499,0,
1500,22,
1501,15,
1502,19,
1503,17,
1504,17,
1505,21,
1506,19,
1507,12,
1508,17,
1509,17,
1510,0,
1511,17,
1512,4,
1513,16,
1514,17,
1515,19,
1516,12,
1517,18,
1518,15,
1519,17,
1520,17,
1521,15,
1522,0,
1523,15,
1524,20,
1525,16,
1526,17,
1527,10,
1528,17,
1529,17,
1530,17,
1531,19,
1532,0,
1533,19,
1534,16,
1535,18,
1536,20,
1537,0,
1538,19,
1539,19,
1540,19,
1541,15,
1542,16,
1543,19,
1544,17,
1545,17,
1546,19,
1547,17,
1548,17,
1549,19,
1550,18,
1551,12,
1552,19,
1553,19,
1554,17,
1555,6,
1556,16,
1557,16,
1558,16,
1559,20,
1560,19,
1561,14,
1562,0,
1563,0,
1564,24,
1565,18,
1566,15,
1567,19,
1568,16,
1569,20,
1570,19,
1571,9,
1572,17,
1573,17,
1574,9,
1575,0,
1576,0,
1577,0,
1578,17,
1579,17,
1580,0,
1581,0,
1582,17,
1583,15,
1584,17,
1585,17,
1586,19,
1587,16,
1588,18,
1589,18,
1590,18,
1591,20,
1592,20,
1593,17,
1594,0,
1595,22,
1596,23,
1597,18,
1598,14,
1599,15,
1600,18,
1601,19,
1602,17,
1603,14,
1604,19,
1605,18,
1606,19,
1607,16,
1608,16,
1609,18,
1610,19,
1611,20,
1612,18,
1613,18,
1614,16,
1615,0,
1616,15,
1617,18,
1618,17,
1619,17,
1620,19,
1621,20,
1622,18,
1623,15,
1624,19,
1625,14,
1626,19,
1627,19,
1628,17,
1629,21,
1630,19,
1631,12,
1632,19,
1633,20,
1634,6,
1635,15,
1636,0,
1637,0,
1638,20,
1639,15,
1640,14,
1641,16,
1642,19,
1643,18,
1644,19,
1645,0,
1646,0,
1647,17,
1648,11,
1649,7,
1650,15,
1651,16,
1652,15,
1653,19,
1654,20,
1655,18,
1656,17,
1657,18,
1658,0,
1659,18,
1660,20,
1661,15,
1662,17,
1663,0,
1664,19,
1665,19,
1666,19,
1667,16,
1668,0,
1669,19,
1670,17,
1671,22,
1672,6,
1673,19,
1674,17,
1675,0,
1676,18,
1677,19,
1678,19,
1679,19,
1680,19,
1681,20,
1682,20,
1683,19,
1684,17,
1685,0,
1686,0,
1687,17,
1688,19,
1689,15,
1690,19,
1691,19,
1692,19,
1693,19,
1694,17,
1695,0,
1696,20,
1697,17,
1698,19,
1699,19,
1700,16,
1701,19,
1702,18,
1703,0,
1704,22,
1705,21,
1706,18,
1707,16,
1708,16,
1709,19,
1710,17,
1711,18,
1712,0,
1713,19,
1714,0,
1715,17,
1716,5,
1717,13,
1718,18,
1719,15,
1720,14,
1721,18,
1722,17,
1723,16,
1724,19,
1725,21,
1726,17,
1727,13,
1728,19,
1729,19,
1730,18,
1731,16,
1732,18,
1733,18,
1734,17,
1735,11,
1736,12,
1737,6,
1738,21,
1739,18,
1740,20,
1741,17,
1742,0,
1743,19,
1744,17,
1745,12,
1746,16,
1747,21,
1748,0,
1749,21,
1750,0,
1751,19,
1752,13,
1753,17,
1754,20,
1755,20,
1756,17,
1757,17,
1758,19,
1759,16,
1760,18,
1761,18,
1762,0,
1763,12,
1764,18,
1765,17,
1766,15,
1767,18,
1768,14,
1769,7,
1770,17,
1771,19,
1772,18,
1773,19,
1774,18,
1775,0,
1776,17,
1777,0,
1778,0,
1779,16,
1780,20,
1781,17,
1782,18,
1783,16,
1784,18,
1785,19,
1786,14,
1787,21,
1788,12,
1789,12,
1790,0,
1791,20,
1792,0,
1793,0,
1794,20,
1795,16,
1796,0,
1797,0,
1798,17,
1799,19,
1800,0,
1801,16,
1802,0,
1803,19,
1804,10,
1805,15,
1806,19,
1807,19,
1808,16,
1809,15,
1810,0,
1811,17,
1812,9,
1813,0,
1814,18,
1815,22,
1816,20,
1817,18,
1818,19,
1819,18,
1820,0,
1821,19,
1822,19,
1823,21,
1824,16,
1825,18,
1826,15,
1827,19,
1828,19,
1829,18,
1830,9,
1831,17,
1832,9,
1833,15,
1834,17,
1835,17,
1836,0,
1837,15,
1838,13,
1839,19,
1840,0,
1841,16,
1842,19,
1843,18,
1844,18,
1845,18,
1846,16,
1847,0,
1848,19,
1849,17,
1850,14,
1851,16,
1852,19,
1853,11,
1854,0,
1855,19,
1856,3,
1857,17,
1858,15,
1859,12,
1860,20,
1861,0,
1862,18,
1863,13,
1864,16,
1865,19,
1866,15,
1867,18,
1868,18,
1869,18,
1870,16,
1871,17,
1872,19,
1873,20,
1874,19,
1875,18,
1876,0,
1877,0,
1878,16,
1879,18,
1880,17,
1881,18,
1882,17,
1883,0,
1884,18,
1885,15,
1886,13,
1887,22,
1888,0,
1889,16,
1890,18,
1891,18,
1892,20,
1893,19,
1894,20,
1895,17,
1896,17,
1897,0,
1898,16,
1899,17,
1900,16,
1901,20,
1902,19,
1903,0,
1904,17,
1905,0,
1906,0,
1907,19,
1908,20,
1909,15,
1910,0,
1911,16,
1912,19,
1913,17,
1914,19,
1915,18,
1916,0,
1917,0,
1918,0,
1919,18,
1920,18,
1921,0,
1922,18,
1923,23,
1924,18,
1925,18,
1926,19,
1927,20,
1928,18,
1929,18,
1930,19,
1931,0,
1932,0,
1933,13,
1934,20,
1935,19,
1936,17,
1937,0,
1938,16,
1939,17,
1940,16,
1941,19,
1942,19,
1943,18,
1944,0,
1945,19,
1946,18,
1947,22,
1948,17,
1949,12,
1950,18,
1951,15,
1952,15,
1953,18,
1954,0,
1955,0,
1956,0,
1957,15,
1958,17,
1959,10,
1960,17,
1961,0,
1962,13,
1963,0,
1964,18,
1965,18,
1966,20,
1967,16,
1968,18,
1969,18,
1970,0,
1971,18,
1972,17,
1973,19,
1974,19,
1975,19,
1976,16,
1977,0,
1978,0,
1979,19,
1980,16,
1981,18,
1982,17,
1983,19,
1984,20,
1985,17,
1986,16,
1987,18,
1988,0,
1989,16,
1990,18,
1991,19,
1992,17,
1993,20,
1994,0,
1995,15,
1996,19,
1997,16,
1998,17,
1999,0,
2000,15,
2001,19,
2002,19,
2003,18,
2004,9,
2005,14,
2006,18,
2007,18,
2008,17,
2009,23,
2010,19,
2011,17,
2012,18,
2013,19,
2014,0,
2015,21,
2016,20,
2017,19,
2018,18,
2019,0,
2020,0,
2021,21,
2022,13,
2023,17,
2024,0,
2025,19,
2026,18,
2027,13,
2028,17,
2029,17,
2030,18,
2031,15,
2032,19,
2033,20,
2034,18,
2035,19,
2036,18,
2037,16,
2038,18,
2039,19,
2040,17,
2041,19,
2042,17,
2043,19,
2044,18,
2045,18,
2046,16,
2047,17,
2048,19,
2049,18,
2050,19,
2051,18,
2052,17,
2053,15,
2054,17,
2055,19,
2056,0,
2057,19,
2058,18,
2059,20,
2060,13,
2061,19,
2062,19,
2063,16,
2064,18,
2065,17,
2066,19,
2067,0,
2068,18,
2069,19,
2070,21,
2071,16,
2072,20,
2073,16,
2074,16,
2075,18,
2076,21,
2077,20,
2078,20,
2079,17,
2080,19,
2081,0,
2082,0,
2083,0,
2084,21,
2085,11,
2086,18,
2087,17,
2088,16,
2089,19,
2090,16,
2091,0,
2092,0,
2093,18,
2094,18,
2095,19,
2096,16,
2097,20,
2098,13,
2099,14,
2100,19,
2101,14,
2102,18,
2103,19,
2104,19,
2105,17,
2106,19,
2107,0,
2108,0,
2109,19,
2110,17,
2111,23,
2112,18,
2113,19,
2114,3,
2115,19,
2116,19,
2117,0,
2118,17,
2119,17,
2120,15,
2121,20,
2122,15,
2123,18,
2124,0,
2125,19,
2126,10,
2127,0,
2128,19,
2129,18,
2130,17,
2131,15,
2132,14,
2133,18,
2134,19,
2135,15,
2136,13,
2137,14,
2138,19,
2139,20,
2140,19,
2141,19,
2142,19,
2143,21,
2144,17,
2145,19,
2146,16,
2147,0,
2148,19,
2149,19,
2150,16,
2151,18,
2152,17,
2153,0,
2154,19,
2155,14,
2156,0,
2157,17,
2158,16,
2159,17,
2160,17,
2161,16,
2162,18,
2163,17,
2164,19,
2165,18,
2166,0,
2167,17,
2168,17,
2169,15,
2170,19,
2171,18,
2172,18,
2173,12,
2174,18,
2175,18,
2176,28,
2177,18,
2178,20,
2179,13,
2180,15,
2181,18,
2182,19,
2183,17,
2184,0,
2185,20,
2186,0,
2187,16,
2188,18,
2189,19,
2190,18,
2191,16,
2192,19,
2193,16,
2194,17,
2195,14,
2196,16,
2197,18,
2198,16,
2199,18,
2200,18,
2201,0,
2202,11,
2203,18,
2204,16,
2205,18,
2206,4,
2207,4,
2208,19,
2209,17,
2210,17,
2211,19,
2212,16,
2213,20,
2214,18,
2215,16,
2216,18,
2217,0,
2218,15,
2219,16,
2220,16,
2221,19,
2222,20,
2223,16,
2224,15,
2225,15,
2226,19,
2227,19,
2228,19,
2229,15,
2230,16,
2231,19,
2232,17,
2233,19,
2234,18,
2235,19,
2236,18,
2237,15,
2238,17,
2239,19,
2240,17,
2241,19,
2242,0,
2243,18,
2244,0,
2245,19,
2246,19,
2247,17,
2248,12,
2249,16,
2250,18,
2251,20,
2252,20,
2253,0,
2254,16,
2255,19,
2256,0,
2257,21,
2258,18,
2259,18,
2260,0,
2261,20,
2262,16,
2263,17,
2264,15,
2265,19,
2266,0,
2267,0,
2268,15,
2269,16,
2270,18,
2271,19,
2272,18,
2273,17,
2274,16,
2275,13,
2276,16,
2277,0,
2278,18,
2279,19,
2280,17,
2281,18,
2282,18,
2283,18,
2284,0,
2285,21,
2286,18,
2287,0,
2288,17,
2289,16,
2290,17,
2291,19,
2292,18,
2293,17,
2294,16,
2295,18,
2296,20,
2297,18,
2298,15,
2299,19,
2300,16,
2301,18,
2302,19,
2303,17,
2304,18,
2305,20,
2306,17,
2307,19,
2308,18,
2309,16,
2310,20,
2311,18,
2312,10,
2313,17,
2314,17,
2315,19,
2316,22,
2317,16,
2318,18,
2319,18,
2320,0,
2321,10,
2322,17,
2323,19,
2324,17,
2325,19,
2326,0,
2327,17,
2328,0,
2329,19,
2330,19,
2331,18,
2332,0,
2333,0,
2334,0,
2335,14,
2336,0,
2337,17,
2338,17,
2339,17,
2340,17,
2341,18,
2342,17,
2343,18,
2344,17,
2345,19,
2346,0,
2347,0,
2348,17,
2349,18,
2350,15,
2351,19,
2352,0,
2353,17,
2354,0,
2355,19,
2356,0,
2357,18,
2358,19,
2359,16,
2360,14,
2361,18,
2362,0,
2363,0,
2364,16,
2365,18,
2366,19,
2367,0,
2368,17,
2369,0,
2370,6,
2371,19,
2372,21,
2373,0,
2374,20,
2375,17,
2376,13,
2377,0,
2378,19,
2379,17,
2380,17,
2381,11,
2382,17,
2383,16,
2384,19,
2385,17,
2386,19,
2387,19,
2388,18,
2389,14,
2390,18,
2391,19,
2392,11,
2393,19,
2394,19,
2395,16,
2396,17,
2397,22,
2398,17,
2399,15,
2400,0,
2401,0,
2402,19,
2403,0,
2404,15,
2405,17,
2406,18,
2407,18,
2408,16,
2409,19,
2410,17,
2411,18,
2412,0,
2413,0,
2414,16,
2415,3,
2416,17,
2417,0,
2418,17,
2419,20,
2420,20,
2421,19,
2422,2,
2423,18,
2424,19,
2425,18,
2426,19,
2427,18,
2428,18,
2429,22,
2430,17,
2431,21,
2432,15,
2433,14,
2434,21,
2435,19,
2436,18,
2437,19,
2438,20,
2439,17,
2440,23,
2441,18,
2442,13,
2443,19,
2444,18,
2445,0,
2446,20,
2447,18,
2448,19,
2449,19,
2450,17,
2451,19,
2452,18,
2453,20,
2454,18,
2455,18,
2456,14,
2457,19,
2458,18,
2459,17,
2460,19,
2461,18,
2462,0,
2463,18,
2464,18,
2465,18,
2466,20,
2467,20,
2468,17,
2469,13,
2470,18,
2471,16,
2472,17,
2473,11,
2474,19,
2475,15,
2476,0,
2477,18,
2478,0,
2479,0,
2480,18,
2481,17,
2482,8,
2483,13,
2484,17,
2485,20,
2486,19,
2487,17,
2488,18,
2489,18,
2490,19,
2491,17,
2492,18,
2493,14,
2494,17,
2495,17,
2496,19,
2497,19,
2498,10,
2499,18,
2500,15,
2501,20,
2502,19,
2503,0,
2504,13,
2505,16,
2506,17,
2507,18,
2508,19,
2509,15,
2510,20,
2511,19,
2512,20,
2513,19,
2514,13,
2515,18,
2516,16,
2517,18,
2518,18,
2519,17,
2520,23,
2521,15,
2522,19,
2523,17,
2524,0,
2525,19,
2526,16,
2527,16,
2528,0,
2529,18,
2530,18,
2531,18,
2532,19,
2533,19,
2534,13,
2535,19,
2536,0,
2537,18,
2538,0,
2539,18,
2540,15,
2541,18,
2542,19,
2543,11,
2544,0,
2545,18,
2546,18,
2547,19,
2548,10,
2549,14,
2550,16,
2551,20,
2552,19,
2553,12,
2554,0,
2555,0,
2556,19,
2557,16,
2558,17,
2559,18,
2560,20,
2561,19,
2562,15,
2563,14,
2564,22,
2565,13,
2566,19,
2567,13,
2568,15,
2569,17,
2570,17,
2571,16,
2572,17,
2573,14,
2574,15,
2575,14,
2576,16,
2577,17,
2578,16,
2579,10,
2580,17,
2581,18,
2582,15,
2583,18,
2584,18,
2585,17,
2586,0,
2587,0,
2588,18,
2589,18,
2590,17,
2591,18,
2592,17,
2593,20,
2594,0,
2595,16,
2596,19,
2597,19,
2598,18,
2599,0,
2600,20,
2601,18,
2602,19,
2603,19,
2604,18,
2605,17,
2606,16,
2607,15,
2608,19,
2609,19,
2610,18,
2611,9,
2612,19,
2613,15,
2614,16,
2615,17,
2616,0,
2617,19,
2618,19,
2619,17,
2620,18,
2621,0,
2622,16,
2623,0,
2624,20,
2625,20,
2626,19,
2627,18,
2628,9,
2629,19,
2630,13,
2631,17,
2632,18,
2633,18,
2634,15,
2635,0,
2636,16,
2637,19,
2638,14,
2639,16,
2640,16,
2641,15,
2642,15,
2643,19,
2644,0,
2645,13,
2646,0,
2647,17,
2648,20,
2649,17,
2650,20,
2651,17,
2652,18,
2653,19,
2654,21,
2655,0,
2656,15,
2657,19,
2658,18,
2659,20,
2660,7,
2661,19,
2662,16,
2663,17,
2664,17,
2665,17,
2666,14,
2667,18,
2668,0,
2669,17,
2670,20,
2671,16,
2672,17,
2673,14,
2674,21,
2675,18,
2676,17,
2677,0,
2678,17,
2679,17,
2680,5,
2681,18,
2682,19,
2683,18,
2684,0,
2685,18,
2686,18,
2687,17,
2688,17,
2689,18,
2690,16,
2691,14,
2692,15,
2693,18,
2694,18,
2695,17,
2696,17,
2697,18,
2698,18,
2699,15,
2700,23,
2701,17,
2702,22,
2703,14,
2704,12,
2705,17,
2706,0,
2707,18,
2708,17,
2709,16,
2710,14,
2711,20,
2712,16,
2713,20,
2714,18,
2715,20,
2716,19,
2717,18,
2718,19,
2719,0,
2720,16,
2721,0,
2722,17,
2723,19,
2724,14,
2725,0,
2726,17,
2727,0,
2728,17,
2729,0,
2730,19,
2731,19,
2732,18,
2733,19,
2734,19,
2735,18,
2736,17,
2737,17,
2738,10,
2739,19,
2740,17,
2741,20,
2742,17,
2743,20,
2744,19,
2745,18,
2746,18,
2747,19,
2748,0,
2749,17,
2750,15,
2751,0,
2752,14,
2753,0,
2754,19,
2755,0,
2756,0,
2757,15,
2758,14,
2759,15,
2760,17,
2761,17,
2762,19,
2763,16,
2764,9,
2765,18,
2766,15,
2767,20,
2768,0,
2769,0,
2770,13,
2771,19,
2772,19,
2773,20,
2774,0,
2775,17,
2776,17,
2777,21,
2778,18,
2779,18,
2780,18,
2781,18,
2782,15,
2783,20,
2784,18,
2785,0,
2786,14,
2787,18,
2788,18,
2789,0,
2790,0,
2791,19,
2792,15,
2793,16,
2794,17,
2795,14,
2796,19,
2797,4,
2798,19,
2799,17,
2800,17,
2801,12,
2802,18,
2803,19,
2804,16,
2805,18,
2806,0,
2807,18,
2808,9,
2809,18,
2810,17,
2811,18,
2812,16,
2813,19,
2814,20,
2815,19,
2816,21,
2817,19,
2818,0,
2819,18,
2820,17,
2821,20,
2822,19,
2823,19,
2824,15,
2825,19,
2826,16,
2827,4,
2828,18,
2829,17,
2830,14,
2831,0,
2832,0,
2833,17,
2834,19,
2835,17,
2836,19,
2837,15,
2838,19,
2839,0,
2840,19,
2841,18,
2842,18,
2843,17,
2844,18,
2845,0,
2846,19,
2847,19,
2848,17,
2849,0,
2850,16,
2851,16,
2852,19,
2853,21,
2854,19,
2855,18,
2856,16,
2857,0,
2858,18,
2859,15,
2860,17,
2861,0,
2862,16,
2863,18,
2864,15,
2865,14,
2866,0,
2867,17,
2868,18,
2869,18,
2870,10,
2871,17,
2872,17,
2873,19,
2874,17,
2875,0,
2876,17,
2877,20,
2878,0,
2879,17,
2880,18,
2881,17,
2882,17,
2883,0,
2884,20,
2885,16,
2886,18,
2887,18,
2888,16,
2889,18,
2890,22,
2891,0,
2892,16,
2893,0,
2894,18,
2895,4,
2896,0,
2897,18,
2898,15,
2899,0,
2900,19,
2901,19,
2902,19,
2903,18,
2904,19,
2905,16,
2906,17,
2907,18,
2908,0,
2909,0,
2910,18,
2911,18,
2912,15,
2913,0,
2914,17,
2915,18,
2916,19,
2917,0,
2918,16,
2919,20,
2920,23,
2921,17,
2922,18,
2923,17,
2924,18,
2925,0,
2926,18,
2927,19,
2928,16,
2929,20,
2930,16,
2931,18,
2932,0,
2933,0,
2934,15,
2935,19,
2936,17,
2937,0,
2938,19,
2939,13,
2940,15,
2941,18,
2942,0,
2943,17,
2944,20,
2945,19,
2946,20,
2947,17,
2948,17,
2949,16,
2950,17,
2951,17,
2952,18,
2953,16,
2954,0,
2955,0,
2956,19,
2957,19,
2958,0,
2959,17,
2960,0,
2961,20,
2962,18,
2963,0,
2964,19,
2965,16,
2966,18,
2967,19,
2968,20,
2969,13,
2970,0,
2971,18,
2972,18,
2973,18,
2974,19,
2975,19,
2976,19,
2977,19,
2978,19,
2979,20,
2980,18,
2981,17,
2982,17,
2983,18,
2984,19,
2985,16,
2986,21,
2987,17,
2988,19,
2989,19,
2990,17,
2991,19,
2992,19,
2993,0,
2994,16,
2995,19,
2996,15,
2997,18,
2998,18,
2999,19,
3000,16,
3001,16,
3002,17,
3003,18,
3004,20,
3005,17,
3006,18,
3007,17,
3008,17,
3009,16,
3010,16,
3011,18,
3012,17,
3013,18,
3014,15,
3015,16,
3016,0,
3017,19,
3018,18,
3019,16,
3020,0,
3021,0,
3022,17,
3023,17,
3024,18,
3025,12,
3026,15,
3027,18,
3028,18,
3029,18,
3030,19,
3031,7,
3032,16,
3033,0,
3034,0,
3035,0,
3036,19,
3037,17,
3038,17,
3039,19,
3040,19,
3041,16,
3042,22,
3043,0,
3044,16,
3045,20,
3046,18,
3047,16,
3048,15,
3049,19,
3050,15,
3051,16,
3052,0,
3053,16,
3054,19,
3055,17,
3056,17,
3057,17,
3058,16,
3059,18,
3060,17,
3061,16,
3062,0,
3063,18,
3064,19,
3065,18,
3066,14,
3067,15,
3068,2,
3069,18,
3070,16,
3071,15,
3072,19,
3073,19,
3074,17,
3075,18,
3076,18,
3077,15,
3078,19,
3079,20,
3080,15,
3081,0,
3082,19,
3083,21,
3084,17,
3085,17,
3086,20,
3087,14,
3088,21,
3089,19,
3090,17,
3091,19,
3092,15,
3093,0,
3094,19,
3095,20,
3096,18,
3097,18,
3098,18,
3099,19,
3100,18,
3101,19,
3102,17,
3103,18,
3104,17,
3105,18,
3106,0,
3107,15,
3108,19,
3109,19,
3110,19,
3111,18,
3112,14,
3113,2,
3114,17,
3115,19,
3116,7,
3117,15,
3118,19,
3119,16,
3120,18,
3121,0,
3122,16,
3123,8,
3124,0,
3125,18,
3126,15,
3127,0,
3128,19,
3129,18,
3130,18,
3131,0,
3132,18,
3133,19,
3134,10,
3135,20,
3136,19,
3137,15,
3138,18,
3139,19,
3140,16,
3141,19,
3142,13,
3143,19,
3144,19,
3145,17,
3146,0,
3147,18,
3148,12,
3149,16,
3150,15,
3151,17,
3152,16,
3153,18,
3154,17,
3155,16,
3156,18,
3157,18,
3158,0,
3159,19,
3160,18,
3161,18,
3162,0,
3163,0,
3164,18,
3165,0,
3166,19,
3167,19,
3168,19,
3169,12,
3170,0,
3171,19,
3172,19,
3173,17,
3174,16,
3175,17,
3176,19,
3177,0,
3178,0,
3179,16,
3180,18,
3181,15,
3182,16,
3183,18,
3184,18,
3185,19,
3186,16,
3187,17,
3188,21,
3189,20,
3190,18,
3191,18,
3192,11,
3193,19,
3194,18,
3195,19,
3196,17,
3197,0,
3198,15,
3199,19,
3200,13,
3201,14,
3202,15,
3203,0,
3204,19,
3205,16,
3206,20,
3207,0,
3208,18,
3209,20,
3210,17,
3211,18,
3212,0,
3213,0,
3214,18,
3215,18,
3216,17,
3217,18,
3218,20,
3219,0,
3220,0,
3221,18,
3222,19,
3223,19,
3224,18,
3225,15,
3226,19,
3227,0,
3228,18,
3229,18,
3230,17,
3231,21,
3232,15,
3233,18,
3234,0,
3235,0,
3236,10,
3237,20,
3238,14,
3239,0,
3240,17,
3241,0,
3242,17,
3243,17,
3244,15,
3245,19,
3246,21,
3247,18,
3248,17,
3249,0,
3250,5,
3251,18,
3252,17,
3253,0,
3254,15,
3255,19,
3256,18,
3257,19,
3258,17,
3259,19,
3260,0,
3261,0,
3262,0,
3263,16,
3264,15,
3265,16,
3266,0,
3267,19,
3268,17,
3269,16,
3270,15,
3271,19,
3272,18,
3273,20,
3274,17,
3275,18,
3276,19,
3277,18,
3278,0,
3279,12,
3280,16,
3281,16,
3282,0,
3283,17,
3284,19,
3285,13,
3286,0,
3287,18,
3288,16,
3289,19,
3290,18,
3291,17,
3292,18,
3293,17,
3294,19,
3295,17,
3296,14,
3297,20,
3298,18,
3299,19,
3300,11,
3301,7,
3302,20,
3303,19,
3304,0,
3305,14,
3306,16,
3307,0,
3308,20,
3309,14,
3310,19,
3311,17,
3312,18,
3313,0,
3314,17,
3315,19,
3316,0,
3317,17,
3318,11,
3319,19,
3320,0,
3321,22,
3322,18,
3323,17,
3324,14,
3325,19,
3326,21,
3327,17,
3328,17,
3329,18,
3330,14,
3331,13,
3332,17,
3333,0,
3334,18,
3335,16,
3336,19,
3337,15,
3338,10,
3339,0,
3340,18,
3341,5,
3342,17,
3343,20,
3344,1,
3345,19,
3346,19,
3347,11,
3348,19,
3349,17,
3350,19,
3351,19,
3352,19,
3353,16,
3354,16,
3355,17,
3356,16,
3357,19,
3358,19,
3359,18,
3360,21,
3361,17,
3362,16,
3363,18,
3364,19,
3365,19,
3366,18,
3367,14,
3368,0,
3369,19,
3370,0,
3371,17,
3372,15,
3373,16,
3374,17,
3375,18,
3376,16,
3377,17,
3378,18,
3379,19,
3380,16,
3381,19,
3382,22,
3383,19,
3384,0,
3385,18,
3386,17,
3387,20,
3388,19,
3389,18,
3390,17,
3391,18,
3392,17,
3393,0,
3394,16,
3395,17,
3396,19,
3397,14,
3398,0,
3399,15,
3400,19,
3401,17,
3402,18,
3403,0,
3404,18,
3405,19,
3406,18,
3407,18,
3408,18,
3409,0,
3410,18,
3411,19,
3412,19,
3413,18,
3414,19,
3415,18,
3416,14,
3417,17,
3418,15,
3419,17,
3420,18,
3421,17,
3422,16,
3423,16,
3424,19,
3425,19,
3426,15,
3427,0,
3428,20,
3429,20,
3430,19,
3431,16,
3432,16,
3433,16,
3434,18,
3435,0,
3436,18,
3437,21,
3438,17,
3439,19,
3440,20,
3441,18,
3442,17,
3443,22,
3444,19,
3445,17,
3446,21,
3447,20,
3448,18,
3449,20,
3450,4,
3451,17,
3452,15,
3453,17,
3454,19,
3455,17,
3456,21,
3457,17,
3458,1,
3459,16,
3460,0,
3461,18,
3462,20,
3463,18,
3464,15,
3465,19,
3466,13,
3467,18,
3468,19,
3469,18,
3470,7,
3471,15,
3472,16,
3473,19,
3474,19,
3475,19,
3476,0,
3477,16,
3478,12,
3479,19,
3480,18,
3481,15,
3482,22,
3483,15,
3484,19,
3485,18,
3486,16,
3487,18,
3488,19,
3489,18,
3490,18,
3491,15,
3492,16,
3493,18,
3494,0,
3495,11,
3496,20,
3497,20,
3498,0,
3499,16,
3500,19,
3501,18,
3502,16,
3503,21,
3504,0,
3505,16,
3506,0,
3507,17,
3508,16,
3509,17,
3510,18,
3511,17,
3512,0,
3513,0,
3514,19,
3515,0,
3516,17,
3517,16,
3518,20,
3519,16,
3520,15,
3521,18,
3522,16,
3523,17,
3524,18,
3525,17,
3526,19,
3527,0,
3528,19,
3529,15,
3530,17,
3531,14,
3532,17,
3533,20,
3534,18,
3535,18,
3536,16,
3537,12,
3538,19,
3539,17,
3540,19,
3541,20,
3542,19,
3543,18,
3544,15,
3545,16,
3546,0,
3547,0,
3548,19,
3549,17,
3550,18,
3551,14,
3552,16,
3553,18,
3554,18,
3555,15,
3556,15,
3557,0,
3558,0,
3559,18,
3560,19,
3561,14,
3562,0,
3563,19,
3564,0,
3565,17,
3566,19,
3567,0,
3568,16,
3569,17,
3570,0,
3571,15,
3572,18,
3573,18,
3574,19,
3575,18,
3576,14,
3577,23,
3578,10,
3579,0,
3580,16,
3581,14,
3582,10,
3583,18,
3584,18,
3585,0,
3586,19,
3587,18,
3588,16,
3589,22,
3590,15,
3591,16,
3592,14,
3593,18,
3594,17,
3595,19,
3596,12,
3597,21,
3598,15,
3599,18,
3600,18,
3601,16,
3602,19,
3603,17,
3604,19,
3605,17,
3606,20,
3607,18,
3608,17,
3609,15,
3610,15,
3611,16,
3612,18,
3613,17,
3614,20,
3615,3,
3616,0,
3617,19,
3618,13,
3619,20,
3620,18,
3621,19,
3622,13,
3623,0,
3624,23,
3625,14,
3626,19,
3627,0,
3628,15,
3629,15,
3630,0,
3631,0,
3632,19,
3633,0,
3634,18,
3635,18,
3636,0,
3637,18,
3638,21,
3639,17,
3640,11,
3641,14,
3642,19,
3643,0,
3644,19,
3645,18,
3646,12,
3647,14,
3648,0,
3649,0,
3650,0,
3651,19,
3652,8,
3653,0,
3654,21,
3655,17,
3656,15,
3657,15,
3658,9,
3659,0,
3660,15,
3661,17,
3662,20,
3663,15,
3664,0,
3665,16,
3666,18,
3667,11,
3668,16,
3669,18,
3670,0,
3671,22,
3672,23,
3673,17,
3674,13,
3675,0,
3676,18,
3677,0,
3678,15,
3679,18,
3680,19,
3681,16,
3682,19,
3683,14,
3684,16,
3685,17,
3686,19,
3687,1,
3688,19,
3689,19,
3690,18,
3691,17,
3692,17,
3693,10,
3694,17,
3695,0,
3696,0,
3697,18,
3698,20,
3699,11,
3700,0,
3701,14,
3702,21,
3703,18,
3704,15,
3705,17,
3706,19,
3707,13,
3708,16,
3709,19,
3710,17,
3711,0,
3712,19,
3713,19,
3714,18,
3715,15,
3716,19,
3717,15,
3718,18,
3719,15,
3720,17,
3721,20,
3722,0,
3723,16,
3724,17,
3725,16,
3726,18,
3727,20,
3728,10,
3729,12,
3730,19,
3731,21,
3732,17,
3733,17,
3734,19,
3735,18,
3736,21,
3737,0,
3738,11,
3739,15,
3740,17,
3741,19,
3742,17,
3743,19,
3744,19,
3745,17,
3746,14,
3747,18,
3748,18,
3749,17,
3750,17,
3751,18,
3752,16,
3753,18,
3754,17,
3755,19,
3756,25,
3757,18,
3758,18,
3759,0,
3760,19,
3761,20,
3762,17,
3763,8,
3764,16,
3765,19,
3766,14,
3767,0,
3768,0,
3769,18,
3770,17,
3771,19,
3772,17,
3773,17,
3774,20,
3775,17,
3776,19,
3777,18,
3778,17,
3779,19,
3780,19,
3781,14,
3782,20,
3783,16,
3784,19,
3785,16,
3786,16,
3787,18,
3788,0,
3789,15,
3790,21,
3791,18,
3792,18,
3793,15,
3794,19,
3795,8,
3796,17,
3797,17,
3798,18,
3799,0,
3800,17,
3801,18,
3802,17,
3803,19,
3804,18,
3805,0,
3806,19,
3807,16,
3808,0,
3809,14,
3810,16,
3811,0,
3812,0,
3813,18,
3814,13,
3815,6,
3816,17,
3817,10,
3818,20,
3819,20,
3820,16,
3821,16,
3822,18,
3823,18,
3824,15,
3825,15,
3826,18,
3827,0,
3828,17,
3829,18,
3830,19,
3831,18,
3832,0,
3833,17,
3834,20,
3835,14,
3836,18,
3837,19,
3838,19,
3839,15,
3840,12,
3841,17,
3842,16,
3843,18,
3844,17,
3845,16,
3846,6,
3847,18,
3848,19,
3849,19,
3850,16,
3851,18,
3852,18,
3853,0,
3854,18,
3855,0,
3856,0,
3857,0,
3858,16,
3859,19,
3860,18,
3861,0,
3862,22,
3863,19,
3864,18,
3865,13,
3866,18,
3867,0,
3868,0,
3869,16,
3870,20,
3871,17,
3872,14,
3873,16,
3874,19,
3875,0,
3876,15,
3877,20,
3878,19,
3879,19,
3880,17,
3881,17,
3882,18,
3883,16,
3884,16,
3885,19,
3886,17,
3887,15,
3888,17,
3889,7,
3890,0,
3891,17,
3892,16,
3893,13,
3894,19,
3895,15,
3896,7,
3897,18,
3898,18,
3899,18,
3900,14,
3901,16,
3902,16,
3903,21,
3904,18,
3905,18,
3906,20,
3907,18,
3908,18,
3909,14,
3910,19,
3911,19,
3912,16,
3913,12,
3914,16,
3915,19,
3916,18,
3917,19,
3918,15,
3919,18,
3920,19,
3921,19,
3922,20,
3923,16,
3924,19,
3925,17,
3926,20,
3927,0,
3928,15,
3929,18,
3930,16,
3931,22,
3932,18,
3933,15,
3934,18,
3935,0,
3936,0,
3937,19,
3938,15,
3939,17,
3940,0,
3941,18,
3942,14,
3943,8,
3944,0,
3945,18,
3946,0,
3947,19,
3948,19,
3949,16,
3950,19,
3951,19,
3952,17,
3953,19,
3954,18,
3955,16,
3956,18,
3957,18,
3958,18,
3959,19,
3960,14,
3961,0,
3962,19,
3963,20,
3964,17,
3965,17,
3966,15,
3967,18,
3968,19,
3969,9,
3970,16,
3971,0,
3972,6,
3973,19,
3974,18,
3975,18,
3976,19,
3977,13,
3978,19,
3979,0,
3980,13,
3981,18,
3982,18,
3983,18,
3984,17,
3985,19,
3986,17,
3987,19,
3988,19,
3989,19,
3990,16,
3991,0,
3992,14,
3993,15,
3994,13,
3995,0,
3996,19,
3997,21,
3998,0,
3999,19,
4000,17,
4001,19,
4002,19,
4003,19,
4004,17,
4005,19,
4006,19,
4007,8,
4008,19,
4009,18,
4010,20,
4011,19,
4012,18,
4013,18,
4014,19,
4015,19,
4016,18,
4017,16,
4018,17,
4019,18,
4020,18,
4021,17,
4022,21,
4023,19,
4024,18,
4025,20,
4026,18,
4027,0,
4028,18,
4029,0,
4030,18,
4031,14,
4032,18,
4033,19,
4034,17,
4035,19,
4036,15,
4037,17,
4038,15,
4039,0,
4040,19,
4041,19,
4042,16,
4043,18,
4044,10,
4045,16,
4046,18,
4047,15,
4048,18,
4049,15,
4050,14,
4051,0,
4052,19,
4053,18,
4054,19,
4055,18,
4056,20,
4057,19,
4058,17,
4059,14,
4060,16,
4061,20,
4062,11,
4063,18,
4064,19,
4065,19,
4066,15,
4067,18,
4068,17,
4069,16,
4070,18,
4071,17,
4072,19,
4073,19,
4074,16,
4075,17,
4076,17,
4077,18,
4078,18,
4079,0,
4080,18,
4081,15,
4082,19,
4083,19,
4084,13,
4085,0,
4086,12,
4087,18,
4088,16,
4089,18,
4090,20,
4091,15,
4092,0,
4093,17,
4094,20,
4095,18,
4096,15,
4097,18,
4098,0,
4099,18,
4100,18,
4101,19,
4102,19,
4103,17,
4104,6,
4105,0,
4106,16,
4107,0,
4108,16,
4109,19,
4110,0,
4111,18,
4112,18,
4113,19,
4114,18,
4115,18,
4116,19,
4117,19,
4118,18,
4119,19,
4120,19,
4121,18,
4122,0,
4123,19,
4124,18,
4125,6,
4126,18,
4127,19,
4128,17,
4129,17,
4130,20,
4131,17,
4132,17,
4133,19,
4134,15,
4135,14,
4136,14,
4137,17,
4138,19,
4139,19,
4140,13,
4141,16,
4142,0,
4143,0,
4144,18,
4145,16,
4146,19,
4147,15,
4148,19,
4149,17,
4150,18,
4151,19,
4152,21,
4153,18,
4154,18,
4155,15,
4156,19,
4157,16,
4158,0,
4159,0,
4160,12,
4161,17,
4162,16,
4163,17,
4164,18,
4165,0,
4166,19,
4167,0,
4168,19,
4169,18,
4170,20,
4171,19,
4172,14,
4173,18,
4174,25,
4175,0,
4176,20,
4177,17,
4178,19,
4179,16,
4180,21,
4181,19,
4182,20,
4183,17,
4184,20,
4185,16,
4186,18,
4187,19,
4188,17,
4189,17,
4190,16,
4191,17,
4192,20,
4193,18,
4194,20,
4195,18,
4196,0,
4197,18,
4198,18,
4199,0,
4200,0,
4201,0,
4202,19,
4203,16,
4204,13,
4205,0,
4206,3,
4207,18,
4208,14,
4209,19,
4210,19,
4211,19,
4212,18,
4213,19,
4214,19,
4215,18,
4216,17,
4217,18,
4218,19,
4219,18,
4220,19,
4221,19,
4222,0,
4223,16,
4224,17,
4225,15,
4226,5,
4227,18,
4228,17,
4229,18,
4230,0,
4231,18,
4232,4,
4233,0,
4234,0,
4235,14,
4236,18,
4237,17,
4238,18,
4239,16,
4240,16,
4241,16,
4242,18,
4243,20,
4244,17,
4245,18,
4246,17,
4247,18,
4248,19,
4249,19,
4250,15,
4251,18,
4252,10,
4253,18,
4254,0,
4255,18,
4256,0,
4257,19,
4258,0,
4259,16,
4260,18,
4261,19,
4262,18,
4263,17,
4264,19,
4265,19,
4266,17,
4267,17,
4268,18,
4269,6,
4270,15,
4271,18,
4272,4,
4273,17,
4274,18,
4275,19,
4276,18,
4277,0,
4278,18,
4279,0,
4280,19,
4281,16,
4282,19,
4283,18,
4284,18,
4285,17,
4286,16,
4287,17,
4288,19,
4289,19,
4290,17,
4291,18,
4292,19,
4293,18,
4294,18,
4295,0,
4296,19,
4297,16,
4298,19,
4299,19,
4300,16,
4301,17,
4302,16,
4303,11,
4304,8,
4305,18,
4306,20,
4307,0,
4308,19,
4309,0,
4310,0,
4311,16,
4312,16,
4313,18,
4314,0,
4315,19,
4316,17,
4317,14,
4318,17,
4319,19,
4320,15,
4321,19,
4322,18,
4323,18,
4324,18,
4325,18,
4326,12,
4327,0,
4328,0,
4329,19,
4330,17,
4331,18,
4332,16,
4333,17,
4334,17,
4335,16,
4336,18,
4337,16,
4338,18,
4339,19,
4340,17,
4341,17,
4342,19,
4343,16,
4344,16,
4345,19,
4346,18,
4347,16,
4348,18,
4349,22,
4350,19,
4351,16,
4352,16,
4353,17,
4354,16,
4355,20,
4356,17,
4357,16,
4358,19,
4359,19,
4360,0,
4361,0,
4362,0,
4363,18,
4364,19,
4365,0,
4366,18,
4367,15,
4368,19,
4369,18,
4370,21,
4371,0,
4372,0,
4373,0,
4374,19,
4375,19,
4376,18,
4377,17,
4378,15,
4379,18,
4380,17,
4381,15,
4382,18,
4383,17,
4384,0,
4385,14,
4386,20,
4387,0,
4388,18,
4389,19,
4390,17,
4391,0,
4392,16,
4393,21,
4394,18,
4395,0,
4396,18,
4397,0,
4398,19,
4399,14,
4400,18,
4401,17,
4402,17,
4403,16,
4404,18,
4405,17,
4406,17,
4407,20,
4408,17,
4409,17,
4410,17,
4411,20,
4412,18,
4413,18,
4414,0,
4415,17,
4416,19,
4417,18,
4418,0,
4419,19,
4420,8,
4421,17,
4422,0,
4423,18,
4424,19,
4425,18,
4426,17,
4427,14,
4428,19,
4429,17,
4430,0,
4431,18,
4432,18,
4433,15,
4434,19,
4435,0,
4436,16,
4437,0,
4438,17,
4439,20,
4440,19,
4441,16,
4442,20,
4443,0,
4444,18,
4445,21,
4446,18,
4447,16,
4448,14,
4449,15,
4450,15,
4451,13,
4452,0,
4453,17,
4454,10,
4455,18,
4456,17,
4457,18,
4458,16,
4459,0,
4460,17,
4461,15,
4462,17,
4463,22,
4464,20,
4465,20,
4466,20,
4467,18,
4468,17,
4469,16,
4470,19,
4471,20,
4472,0,
4473,18,
4474,17,
4475,18,
4476,17,
4477,20,
4478,19,
4479,19,
4480,17,
4481,17,
4482,9,
4483,21,
4484,16,
4485,0,
4486,15,
4487,15,
4488,18,
4489,0,
4490,18,
4491,18,
4492,19,
4493,22,
4494,20,
4495,18,
4496,19,
4497,18,
4498,19,
4499,17,
4500,18,
4501,18,
4502,18,
4503,21,
4504,16,
4505,15,
4506,19,
4507,19,
4508,18,
4509,0,
4510,19,
4511,0,
4512,15,
4513,18,
4514,0,
4515,17,
4516,16,
4517,18,
4518,18,
4519,14,
4520,22,
4521,0,
4522,14,
4523,0,
4524,15,
4525,19,
4526,17,
4527,0,
4528,0,
4529,16,
4530,17,
4531,18,
4532,15,
4533,18,
4534,17,
4535,0,
4536,19,
4537,19,
4538,16,
4539,0,
4540,17,
4541,18,
4542,18,
4543,19,
4544,0,
4545,4,
4546,0,
4547,0,
4548,18,
4549,13,
4550,17,
4551,7,
4552,18,
4553,19,
4554,22,
4555,19,
4556,17,
4557,19,
4558,18,
4559,18,
4560,15,
4561,19,
4562,18,
4563,17,
4564,19,
4565,21,
4566,18,
4567,18,
4568,19,
4569,17,
4570,19,
4571,0,
4572,19,
4573,18,
4574,14,
4575,19,
4576,19,
4577,16,
4578,19,
4579,0,
4580,0,
4581,0,
4582,18,
4583,16,
4584,15,
4585,21,
4586,18,
4587,17,
4588,0,
4589,18,
4590,0,
4591,0,
4592,0,
4593,17,
4594,15,
4595,0,
4596,15,
4597,15,
4598,15,
4599,17,
4600,19,
4601,20,
4602,25,
4603,22,
4604,17,
4605,19,
4606,17,
4607,16,
4608,17,
4609,0,
4610,19,
4611,18,
4612,15,
4613,18,
4614,14,
4615,17,
4616,17,
4617,17,
4618,20,
4619,18,
4620,19,
4621,10,
4622,10,
4623,20,
4624,18,
4625,17,
4626,16,
4627,19,
4628,17,
4629,18,
4630,19,
4631,19,
4632,18,
4633,19,
4634,0,
4635,18,
4636,22,
4637,0,
4638,0,
4639,18,
4640,18,
4641,18,
4642,16,
4643,20,
4644,17,
4645,19,
4646,18,
4647,0,
4648,16,
4649,19,
4650,16,
4651,18,
4652,0,
4653,18,
4654,0,
4655,16,
4656,17,
4657,18,
4658,18,
4659,0,
4660,15,
4661,18,
4662,0,
4663,0,
4664,17,
4665,16,
4666,0,
4667,16,
4668,15,
4669,17,
4670,20,
4671,19,
4672,19,
4673,16,
4674,17,
4675,19,
4676,15,
4677,0,
4678,18,
4679,18,
4680,17,
4681,20,
4682,0,
4683,0,
4684,20,
4685,0,
4686,17,
4687,18,
4688,20,
4689,21,
4690,16,
4691,18,
4692,19,
4693,18,
4694,18,
4695,18,
4696,0,
4697,19,
4698,14,
4699,0,
4700,19,
4701,14,
4702,16,
4703,19,
4704,19,
4705,18,
4706,17,
4707,20,
4708,18,
4709,21,
4710,0,
4711,0,
4712,18,
4713,19,
4714,0,
4715,19,
4716,12,
4717,0,
4718,16,
4719,18,
4720,0,
4721,18,
4722,18,
4723,20,
4724,19,
4725,0,
4726,19,
4727,18,
4728,18,
4729,0,
4730,16,
4731,17,
4732,22,
4733,19,
4734,17,
4735,17,
4736,21,
4737,4,
4738,19,
4739,0,
4740,18,
4741,16,
4742,18,
4743,18,
4744,18,
4745,19,
4746,15,
4747,14,
4748,19,
4749,18,
4750,17,
4751,18,
4752,15,
4753,15,
4754,16,
4755,0,
4756,18,
4757,20,
4758,10,
4759,20,
4760,17,
4761,0,
4762,16,
4763,17,
4764,18,
4765,0,
4766,30,
4767,16,
4768,19,
4769,16,
4770,16,
4771,4,
4772,0,
4773,17,
4774,15,
4775,0,
4776,19,
4777,19,
4778,12,
4779,18,
4780,19,
4781,12,
4782,13,
4783,20,
4784,18,
4785,19,
4786,19,
4787,17,
4788,19,
4789,19,
4790,19,
4791,19,
4792,16,
4793,19,
4794,18,
4795,16,
4796,18,
4797,19,
4798,18,
4799,19,
4800,18,
4801,0,
4802,16,
4803,17,
4804,19,
4805,19,
4806,15,
4807,19,
4808,18,
4809,20,
4810,19,
4811,19,
4812,18,
4813,0,
4814,19,
4815,18,
4816,19,
4817,15,
4818,18,
4819,18,
4820,17,
4821,14,
4822,19,
4823,19,
4824,16,
4825,0,
4826,18,
4827,17,
4828,17,
4829,20,
4830,3,
4831,18,
4832,17,
4833,18,
4834,19,
4835,19,
4836,19,
4837,19,
4838,18,
4839,16,
4840,17,
4841,18,
4842,3,
4843,19,
4844,17,
4845,17,
4846,19,
4847,0,
4848,19,
4849,19,
4850,21,
4851,19,
4852,12,
4853,17,
4854,18,
4855,19,
4856,19,
4857,20,
4858,15,
4859,10,
4860,17,
4861,19,
4862,0,
4863,17,
4864,0,
4865,18,
4866,26,
4867,17,
4868,19,
4869,19,
4870,16,
4871,0,
4872,19,
4873,18,
4874,18,
4875,18,
4876,0,
4877,19,
4878,17,
4879,0,
4880,18,
4881,18,
4882,0,
4883,19,
4884,20,
4885,17,
4886,17,
4887,17,
4888,18,
4889,19,
4890,0,
4891,19,
4892,0,
4893,18,
4894,0,
4895,19,
4896,19,
4897,20,
4898,0,
4899,20,
4900,17,
4901,11,
4902,14,
4903,19,
4904,19,
4905,0,
4906,0,
4907,20,
4908,15,
4909,17,
4910,18,
4911,13,
4912,15,
4913,18,
4914,17,
4915,19,
4916,17,
4917,15,
4918,18,
4919,0,
4920,17,
4921,17,
4922,18,
4923,16,
4924,17,
4925,19,
4926,4,
4927,18,
4928,17,
4929,19,
4930,16,
4931,9,
4932,19,
4933,20,
4934,16,
4935,19,
4936,0,
4937,16,
4938,18,
4939,20,
4940,0,
4941,16,
4942,18,
4943,19,
4944,24,
4945,20,
4946,17,
4947,17,
4948,15,
4949,18,
4950,0,
4951,19,
4952,0,
4953,16,
4954,17,
4955,18,
4956,14,
4957,0,
4958,18,
4959,19,
4960,18,
4961,20,
4962,17,
4963,19,
4964,17,
4965,16,
4966,0,
4967,18,
4968,16,
4969,0,
4970,0,
4971,19,
4972,15,
4973,18,
4974,19,
4975,18,
4976,15,
4977,14,
4978,17,
4979,19,
4980,19,
4981,14,
4982,0,
4983,0,
4984,15,
4985,5,
4986,14,
4987,0,
4988,19,
4989,19,
4990,18,
4991,0,
4992,14,
4993,0,
4994,0,
4995,4,
4996,17,
4997,17,
4998,17,
4999,18,
5000,19,
5001,15,
5002,7,
5003,0,
5004,16,
5005,3,
5006,19,
5007,0,
5008,19,
5009,18,
5010,19,
5011,17,
5012,16,
5013,19,
5014,19,
5015,20,
5016,26,
5017,0,
5018,25,
5019,15,
5020,19,
5021,19,
5022,20,
5023,19,
5024,19,
5025,18,
5026,18,
5027,18,
5028,18,
5029,19,
5030,20,
5031,22,
5032,17,
5033,15,
5034,19,
5035,17,
5036,12,
5037,16,
5038,16,
5039,22,
5040,18,
5041,19,
5042,14,
5043,18,
5044,19,
5045,10,
5046,17,
5047,16,
5048,16,
5049,21,
5050,7,
5051,18,
5052,18,
5053,19,
5054,19,
5055,17,
5056,19,
5057,17,
5058,17,
5059,17,
5060,18,
5061,16,
5062,13,
5063,18,
5064,19,
5065,16,
5066,19,
5067,20,
5068,18,
5069,20,
5070,0,
5071,19,
5072,18,
5073,19,
5074,17,
5075,18,
5076,18,
5077,17,
5078,19,
5079,17,
5080,19,
5081,20,
5082,1,
5083,15,
5084,17,
5085,12,
5086,18,
5087,17,
5088,18,
5089,17,
5090,0,
5091,0,
5092,18,
5093,19,
5094,19,
5095,18,
5096,18,
5097,19,
5098,16,
5099,18,
5100,17,
5101,13,
5102,17,
5103,15,
5104,0,
5105,16,
5106,0,
5107,0,
5108,16,
5109,20,
5110,18,
5111,17,
5112,18,
5113,16,
5114,17,
5115,19,
5116,19,
5117,16,
5118,18,
5119,19,
5120,20,
5121,17,
5122,19,
5123,19,
5124,0,
5125,0,
5126,20,
5127,16,
5128,19,
5129,0,
5130,10,
5131,23,
5132,17,
5133,14,
5134,19,
5135,19,
5136,27,
5137,19,
5138,17,
5139,21,
5140,17,
5141,18,
5142,21,
5143,17,
5144,19,
5145,19,
5146,18,
5147,6,
5148,18,
5149,13,
5150,17,
5151,17,
5152,20,
5153,19,
5154,18,
5155,8,
5156,16,
5157,16,
5158,20,
5159,19,
5160,18,
5161,16,
5162,18,
5163,17,
5164,14,
5165,18,
5166,0,
5167,19,
5168,17,
5169,17,
5170,17,
5171,19,
5172,0,
5173,4,
5174,0,
5175,16,
5176,0,
5177,20,
5178,19,
5179,19,
5180,18,
5181,15,
5182,18,
5183,21,
5184,17,
5185,15,
5186,19,
5187,19,
5188,19,
5189,0,
5190,0,
5191,0,
5192,16,
5193,20,
5194,14,
5195,15,
5196,18,
5197,0,
5198,19,
5199,17,
5200,14,
5201,20,
5202,17,
5203,16,
5204,19,
5205,19,
5206,18,
5207,16,
5208,0,
5209,13,
5210,0,
5211,18,
5212,20,
5213,15,
5214,14,
5215,19,
5216,0,
5217,20,
5218,17,
5219,14,
5220,14,
5221,8,
5222,19,
5223,22,
5224,17,
5225,15,
5226,0,
5227,12,
5228,0,
5229,17,
5230,0,
5231,15,
5232,19,
5233,0,
5234,15,
5235,19,
5236,11,
5237,9,
5238,0,
5239,20,
5240,9,
5241,20,
5242,19,
5243,16,
5244,19,
5245,0,
5246,18,
5247,16,
5248,16,
5249,18,
5250,16,
5251,0,
5252,16,
5253,19,
5254,17,
5255,19,
5256,19,
5257,17,
5258,14,
5259,18,
5260,17,
5261,18,
5262,16,
5263,16,
5264,18,
5265,0,
5266,19,
5267,17,
5268,0,
5269,14,
5270,18,
5271,17,
5272,19,
5273,18,
5274,16,
5275,18,
5276,13,
5277,15,
5278,19,
5279,0,
5280,17,
5281,0,
5282,18,
5283,0,
5284,16,
5285,18,
5286,19,
5287,18,
5288,19,
5289,18,
5290,0,
5291,19,
5292,18,
5293,16,
5294,17,
5295,17,
5296,20,
5297,0,
5298,14,
5299,18,
5300,15,
5301,0,
5302,16,
5303,19,
5304,15,
5305,19,
5306,0,
5307,16,
5308,16,
5309,0,
5310,17,
5311,16,
5312,20,
5313,18,
5314,18,
5315,18,
5316,19,
5317,19,
5318,18,
5319,18,
5320,17,
5321,0,
5322,16,
5323,16,
5324,18,
5325,19,
5326,17,
5327,18,
5328,15,
5329,19,
5330,19,
5331,19,
5332,18,
5333,0,
5334,19,
5335,17,
5336,15,
5337,0,
5338,16,
5339,15,
5340,0,
5341,0,
5342,22,
5343,0,
5344,19,
5345,19,
5346,18,
5347,19,
5348,18,
5349,0,
5350,18,
5351,0,
5352,18,
5353,19,
5354,18,
5355,22,
5356,14,
5357,0,
5358,17,
5359,20,
5360,17,
5361,0,
5362,15,
5363,18,
5364,12,
5365,19,
5366,17,
5367,13,
5368,17,
5369,19,
5370,19,
5371,17,
5372,8,
5373,16,
5374,0,
5375,19,
5376,19,
5377,19,
5378,19,
5379,15,
5380,0,
5381,18,
5382,11,
5383,18,
5384,0,
5385,18,
5386,19,
5387,16,
5388,17,
5389,18,
5390,19,
5391,18,
5392,21,
5393,17,
5394,19,
5395,6,
5396,2,
5397,18,
5398,19,
5399,15,
5400,17,
5401,18,
5402,19,
5403,16,
5404,19,
5405,18,
5406,15,
5407,0,
5408,17,
5409,19,
5410,19,
5411,0,
5412,19,
5413,16,
5414,19,
5415,20,
5416,17,
5417,20,
5418,16,
5419,0,
5420,0,
5421,19,
5422,18,
5423,18,
5424,12,
5425,0,
5426,18,
5427,0,
5428,24,
5429,17,
5430,18,
5431,14,
5432,17,
5433,16,
5434,16,
5435,19,
5436,17,
5437,0,
5438,16,
5439,16,
5440,19,
5441,18,
5442,19,
5443,18,
5444,17,
5445,18,
5446,10,
5447,20,
5448,0,
5449,21,
5450,17,
5451,17,
5452,15,
5453,0,
5454,17,
5455,15,
5456,17,
5457,21,
5458,17,
5459,19,
5460,18,
5461,19,
5462,20,
5463,21,
5464,0,
5465,16,
5466,14,
5467,14,
5468,15,
5469,20,
5470,0,
5471,23,
5472,19,
5473,17,
5474,17,
5475,22,
5476,19,
5477,15,
5478,19,
5479,17,
5480,16,
5481,10,
5482,17,
5483,18,
5484,16,
5485,0,
5486,17,
5487,0,
5488,18,
5489,14,
5490,17,
5491,18,
5492,18,
5493,15,
5494,19,
5495,18,
5496,19,
5497,19,
5498,19,
5499,19,
5500,18,
5501,18,
5502,19,
5503,16,
5504,19,
5505,19,
5506,16,
5507,20,
5508,18,
5509,19,
5510,15,
5511,16,
5512,17,
5513,18,
5514,19,
5515,18,
5516,0,
5517,18,
5518,0,
5519,19,
5520,15,
5521,0,
5522,19,
5523,17,
5524,18,
5525,21,
5526,18,
5527,0,
5528,19,
5529,0,
5530,17,
5531,15,
5532,14,
5533,16,
5534,0,
5535,17,
5536,17,
5537,16,
5538,15,
5539,0,
5540,18,
5541,17,
5542,19,
5543,19,
5544,22,
5545,19,
5546,19,
5547,0,
5548,20,
5549,19,
5550,16,
5551,17,
5552,15,
5553,19,
5554,14,
5555,19,
5556,19,
5557,16,
5558,19,
5559,18,
5560,15,
5561,20,
5562,1,
5563,19,
5564,15,
5565,18,
5566,19,
5567,17,
5568,21,
5569,19,
5570,7,
5571,17,
5572,17,
5573,18,
5574,18,
5575,16,
5576,15,
5577,20,
5578,18,
5579,18,
5580,18,
5581,18,
5582,19,
5583,19,
5584,21,
5585,19,
5586,19,
5587,5,
5588,11,
5589,18,
5590,17,
5591,19,
5592,17,
5593,16,
5594,18,
5595,17,
5596,0,
5597,0,
5598,17,
5599,17,
5600,14,
5601,0,
5602,19,
5603,0,
5604,14,
5605,15,
5606,19,
5607,20,
5608,17,
5609,16,
5610,20,
5611,19,
5612,11,
5613,21,
5614,19,
5615,19,
5616,18,
5617,15,
5618,0,
5619,14,
5620,18,
5621,0,
5622,19,
5623,16,
5624,19,
5625,0,
5626,0,
5627,15,
5628,9,
5629,17,
5630,18,
5631,12,
5632,18,
5633,4,
5634,15,
5635,20,
5636,0,
5637,15,
5638,20,
5639,20,
5640,18,
5641,18,
5642,15,
5643,17,
5644,19,
5645,12,
5646,10,
5647,11,
5648,18,
5649,19,
5650,4,
5651,14,
5652,17,
5653,16,
5654,16,
5655,18,
5656,18,
5657,12,
5658,15,
5659,0,
5660,0,
5661,15,
5662,18,
5663,0,
5664,18,
5665,19,
5666,15,
5667,18,
5668,19,
5669,16,
5670,21,
5671,13,
5672,19,
5673,16,
5674,19,
5675,16,
5676,0,
5677,19,
5678,0,
5679,19,
5680,20,
5681,4,
5682,0,
5683,16,
5684,16,
5685,20,
5686,17,
5687,16,
5688,18,
5689,16,
5690,15,
5691,17,
5692,17,
5693,0,
5694,16,
5695,18,
5696,17,
5697,15,
5698,19,
5699,8,
5700,18,
5701,17,
5702,17,
5703,0,
5704,18,
5705,19,
5706,17,
5707,19,
5708,13,
5709,17,
5710,17,
5711,16,
5712,0,
5713,0,
5714,14,
5715,17,
5716,15,
5717,15,
5718,18,
5719,19,
5720,16,
5721,18,
5722,18,
5723,19,
5724,21,
5725,18,
5726,18,
5727,17,
5728,19,
5729,17,
5730,0,
5731,17,
5732,0,
5733,20,
5734,16,
5735,17,
5736,24,
5737,18,
5738,19,
5739,18,
5740,17,
5741,15,
5742,17,
5743,17,
5744,16,
5745,17,
5746,17,
5747,16,
5748,18,
5749,16,
5750,0,
5751,20,
5752,13,
5753,13,
5754,17,
5755,20,
5756,16,
5757,16,
5758,4,
5759,15,
5760,16,
5761,20,
5762,18,
5763,17,
5764,15,
5765,17,
5766,16,
5767,19,
5768,19,
5769,19,
5770,19,
5771,16,
5772,17,
5773,20,
5774,0,
5775,15,
5776,20,
5777,22,
5778,18,
5779,19,
5780,0,
5781,20,
5782,0,
5783,20,
5784,0,
5785,20,
5786,19,
5787,18,
5788,14,
5789,19,
5790,0,
5791,0,
5792,0,
5793,18,
5794,18,
5795,13,
5796,15,
5797,18,
5798,17,
5799,18,
5800,17,
5801,17,
5802,18,
5803,0,
5804,0,
5805,18,
5806,0,
5807,18,
5808,20,
5809,13,
5810,17,
5811,18,
5812,17,
5813,17,
5814,18,
5815,19,
5816,17,
5817,18,
5818,20,
5819,18,
5820,18,
5821,16,
5822,7,
5823,13,
5824,17,
5825,15,
5826,18,
5827,0,
5828,17,
5829,16,
5830,0,
5831,21,
5832,17,
5833,17,
5834,20,
5835,15,
5836,19,
5837,2,
5838,17,
5839,16,
5840,21,
5841,17,
5842,17,
5843,19,
5844,0,
5845,17,
5846,16,
5847,18,
5848,17,
5849,15,
5850,10,
5851,8,
5852,13,
5853,0,
5854,14,
5855,15,
5856,0,
5857,18,
5858,17,
5859,18,
5860,16,
5861,4,
5862,17,
5863,17,
5864,16,
5865,15,
5866,0,
5867,0,
5868,11,
5869,0,
5870,15,
5871,19,
5872,17,
5873,0,
5874,20,
5875,19,
5876,17,
5877,18,
5878,18,
5879,19,
5880,15,
5881,19,
5882,19,
5883,19,
5884,0,
5885,15,
5886,18,
5887,15,
5888,0,
5889,17,
5890,17,
5891,18,
5892,17,
5893,13,
5894,16,
5895,17,
5896,0,
5897,19,
5898,17,
5899,18,
5900,17,
5901,20,
5902,14,
5903,18,
5904,19,
5905,15,
5906,19,
5907,0,
5908,18,
5909,17,
5910,18,
5911,17,
5912,0,
5913,18,
5914,0,
5915,19,
5916,13,
5917,18,
5918,18,
5919,17,
5920,21,
5921,18,
5922,19,
5923,18,
5924,18,
5925,16,
5926,16,
5927,19,
5928,15,
5929,13,
5930,16,
5931,19,
5932,7,
5933,19,
5934,18,
5935,19,
5936,0,
5937,19,
5938,14,
5939,19,
5940,20,
5941,0,
5942,15,
5943,20,
5944,0,
5945,13,
5946,0,
5947,18,
5948,0,
5949,21,
5950,0,
5951,0,
5952,20,
5953,19,
5954,19,
5955,19,
5956,20,
5957,17,
5958,20,
5959,18,
5960,17,
5961,17,
5962,18,
5963,18,
5964,16,
5965,14,
5966,19,
5967,17,
5968,15,
5969,6,
5970,19,
5971,23,
5972,16,
5973,19,
5974,16,
5975,15,
5976,0,
5977,12,
5978,19,
5979,16,
5980,19,
5981,19,
5982,17,
5983,17,
5984,18,
5985,13,
5986,17,
5987,19,
5988,18,
5989,0,
5990,19,
5991,18,
5992,0,
5993,17,
5994,23,
5995,16,
5996,19,
5997,14,
5998,0,
5999,19,
6000,18,
6001,16,
6002,16,
6003,0,
6004,2,
6005,19,
6006,18,
6007,22,
6008,18,
6009,19,
6010,12,
6011,18,
6012,17,
6013,19,
6014,17,
6015,18,
6016,20,
6017,17,
6018,16,
6019,0,
6020,17,
6021,14,
6022,15,
6023,0,
6024,18,
6025,0,
6026,18,
6027,19,
6028,18,
6029,20,
6030,17,
6031,19,
6032,17,
6033,21,
6034,18,
6035,14,
6036,16,
6037,17,
6038,18,
6039,0,
6040,17,
6041,0,
6042,19,
6043,17,
6044,13,
6045,18,
6046,18,
6047,0,
6048,16,
6049,17,
6050,19,
6051,18,
6052,19,
6053,19,
6054,19,
6055,15,
6056,16,
6057,18,
6058,20,
6059,18,
6060,0,
6061,15,
6062,13,
6063,16,
6064,19,
6065,18,
6066,0,
6067,15,
6068,18,
6069,14,
6070,18,
6071,17,
6072,16,
6073,17,
6074,18,
6075,19,
6076,19,
6077,20,
6078,21,
6079,0,
6080,15,
6081,18,
6082,20,
6083,0,
6084,16,
6085,19,
6086,18,
6087,19,
6088,19,
6089,18,
6090,18,
6091,22,
6092,16,
6093,20,
6094,19,
6095,17,
6096,14,
6097,16,
6098,19,
6099,0,
6100,8,
6101,19,
6102,0,
6103,0,
6104,16,
6105,17,
6106,10,
6107,18,
6108,18,
6109,0,
6110,17,
6111,16,
6112,18,
6113,18,
6114,21,
6115,19,
6116,0,
6117,18,
6118,5,
6119,17,
6120,17,
6121,0,
6122,14,
6123,18,
6124,17,
6125,19,
6126,15,
6127,22,
6128,17,
6129,0,
6130,13,
6131,16,
6132,17,
6133,16,
6134,17,
6135,19,
6136,18,
6137,18,
6138,18,
6139,17,
6140,16,
6141,18,
6142,13,
6143,17,
6144,17,
6145,20,
6146,18,
6147,18,
6148,18,
6149,14,
6150,20,
6151,0,
6152,20,
6153,17,
6154,19,
6155,17,
6156,16,
6157,17,
6158,18,
6159,0,
6160,17,
6161,18,
6162,17,
6163,0,
6164,18,
6165,15,
6166,18,
6167,19,
6168,13,
6169,14,
6170,17,
6171,22,
6172,16,
6173,17,
6174,19,
6175,19,
6176,12,
6177,15,
6178,18,
6179,0,
6180,18,
6181,20,
6182,0,
6183,13,
6184,22,
6185,0,
6186,17,
6187,19,
6188,18,
6189,14,
6190,15,
6191,18,
6192,18,
6193,0,
6194,0,
6195,17,
6196,16,
6197,18,
6198,18,
6199,17,
6200,17,
6201,0,
6202,21,
6203,0,
6204,17,
6205,18,
6206,19,
6207,19,
6208,18,
6209,15,
6210,20,
6211,18,
6212,17,
6213,18,
6214,20,
6215,17,
6216,17,
6217,18,
6218,0,
6219,12,
6220,19,
6221,19,
6222,16,
6223,19,
6224,0,
6225,16,
6226,18,
6227,17,
6228,19,
6229,18,
6230,22,
6231,0,
6232,18,
6233,12,
6234,18,
6235,0,
6236,16,
6237,14,
6238,15,
6239,21,
6240,18,
6241,18,
6242,16,
6243,18,
6244,13,
6245,17,
6246,15,
6247,0,
6248,20,
6249,19,
6250,17,
6251,16,
6252,16,
6253,16,
6254,19,
6255,19,
6256,13,
6257,18,
6258,17,
6259,16,
6260,14,
6261,18,
6262,14,
6263,0,
6264,18,
6265,0,
6266,19,
6267,19,
6268,19,
6269,19,
6270,21,
6271,19,
6272,2,
6273,15,
6274,17,
6275,8,
6276,18,
6277,19,
6278,19,
6279,17,
6280,17,
6281,19,
6282,16,
6283,16,
6284,0,
6285,19,
6286,20,
6287,17,
6288,20,
6289,18,
6290,19,
6291,13,
6292,8,
6293,17,
6294,0,
6295,19,
6296,17,
6297,18,
6298,18,
6299,17,
6300,14,
6301,19,
6302,19,
6303,18,
6304,19,
6305,19,
6306,0,
6307,0,
6308,18,
6309,0,
6310,17,
6311,19,
6312,18,
6313,19,
6314,19,
6315,19,
6316,18,
6317,18,
6318,16,
6319,18,
6320,14,
6321,15,
6322,0,
6323,17,
6324,15,
6325,17,
6326,19,
6327,8,
6328,14,
6329,19,
6330,18,
6331,18,
6332,12,
6333,17,
6334,15,
6335,16,
6336,0,
6337,19,
6338,17,
6339,15,
6340,18,
6341,19,
6342,20,
6343,16,
6344,12,
6345,18,
6346,0,
6347,12,
6348,14,
6349,19,
6350,0,
6351,0,
6352,0,
6353,15,
6354,19,
6355,18,
6356,19,
6357,18,
6358,16,
6359,19,
6360,0,
6361,19,
6362,18,
6363,18,
6364,20,
6365,19,
6366,0,
6367,17,
6368,18,
6369,15,
6370,15,
6371,18,
6372,18,
6373,0,
6374,17,
6375,19,
6376,20,
6377,20,
6378,17,
6379,16,
6380,20,
6381,19,
6382,22,
6383,21,
6384,15,
6385,20,
6386,0,
6387,17,
6388,19,
6389,18,
6390,8,
6391,17,
6392,0,
6393,0,
6394,22,
6395,16,
6396,0,
6397,20,
6398,17,
6399,18,
6400,16,
6401,17,
6402,19,
6403,15,
6404,17,
6405,16,
6406,3,
6407,18,
6408,0,
6409,18,
6410,16,
6411,0,
6412,17,
6413,20,
6414,17,
6415,16,
6416,17,
6417,17,
6418,20,
6419,0,
6420,21,
6421,15,
6422,16,
6423,16,
6424,18,
6425,7,
6426,19,
6427,17,
6428,18,
6429,19,
6430,0,
6431,18,
6432,17,
6433,0,
6434,19,
6435,0,
6436,0,
6437,19,
6438,17,
6439,15,
6440,0,
6441,13,
6442,17,
6443,17,
6444,19,
6445,17,
6446,18,
6447,15,
6448,19,
6449,0,
6450,20,
6451,17,
6452,20,
6453,13,
6454,18,
6455,17,
6456,20,
6457,19,
6458,20,
6459,20,
6460,17,
6461,18,
6462,12,
6463,21,
6464,20,
6465,20,
6466,19,
6467,7,
6468,20,
6469,0,
6470,0,
6471,16,
6472,0,
6473,17,
6474,20,
6475,19,
6476,18,
6477,17,
6478,17,
6479,16,
6480,16,
6481,18,
6482,13,
6483,19,
6484,18,
6485,17,
6486,22,
6487,19,
6488,17,
6489,19,
6490,0,
6491,23,
6492,19,
6493,19,
6494,15,
6495,9,
6496,18,
6497,18,
6498,17,
6499,17,
6500,19,
6501,18,
6502,17,
6503,20,
6504,16,
6505,16,
6506,18,
6507,18,
6508,18,
6509,18,
6510,0,
6511,17,
6512,16,
6513,19,
6514,19,
6515,19,
6516,0,
6517,18,
6518,17,
6519,18,
6520,19,
6521,18,
6522,15,
6523,1,
6524,18,
6525,18,
6526,16,
6527,22,
6528,19,
6529,20,
6530,19,
6531,0,
6532,17,
6533,14,
6534,18,
6535,19,
6536,17,
6537,0,
6538,17,
6539,18,
6540,17,
6541,13,
6542,17,
6543,19,
6544,21,
6545,17,
6546,16,
6547,21,
6548,19,
6549,18,
6550,19,
6551,21,
6552,16,
6553,18,
6554,0,
6555,17,
6556,17,
6557,15,
6558,0,
6559,19,
6560,8,
6561,14,
6562,18,
6563,0,
6564,14,
6565,16,
6566,18,
6567,11,
6568,16,
6569,18,
6570,19,
6571,19,
6572,15,
6573,19,
6574,18,
6575,18,
6576,16,
6577,16,
6578,15,
6579,19,
6580,18,
6581,14,
6582,19,
6583,19,
6584,17,
6585,21,
6586,17,
6587,16,
6588,19,
6589,22,
6590,16,
6591,17,
6592,19,
6593,19,
6594,16,
6595,16,
6596,19,
6597,16,
6598,19,
6599,17,
6600,18,
6601,20,
6602,16,
6603,0,
6604,21,
6605,15,
6606,22,
6607,17,
6608,20,
6609,0,
6610,15,
6611,20,
6612,17,
6613,0,
6614,14,
6615,18,
6616,0,
6617,18,
6618,16,
6619,16,
6620,19,
6621,18,
6622,16,
6623,20,
6624,21,
6625,18,
6626,19,
6627,19,
6628,0,
6629,15,
6630,18,
6631,18,
6632,19,
6633,0,
6634,17,
6635,13,
6636,16,
6637,18,
6638,8,
6639,11,
6640,0,
6641,18,
6642,18,
6643,12,
6644,17,
6645,17,
6646,19,
6647,19,
6648,17,
6649,16,
6650,18,
6651,19,
6652,19,
6653,20,
6654,19,
6655,18,
6656,0,
6657,18,
6658,18,
6659,18,
6660,19,
6661,19,
6662,18,
6663,18,
6664,18,
6665,22,
6666,15,
6667,18,
6668,18,
6669,21,
6670,19,
6671,18,
6672,0,
6673,19,
6674,15,
6675,20,
6676,18,
6677,20,
6678,17,
6679,19,
6680,18,
6681,0,
6682,16,
6683,17,
6684,17,
6685,0,
6686,17,
6687,20,
6688,17,
6689,18,
6690,17,
6691,17,
6692,15,
6693,22,
6694,18,
6695,0,
6696,19,
6697,18,
6698,20,
6699,19,
6700,19,
6701,18,
6702,15,
6703,0,
6704,21,
6705,19,
6706,0,
6707,19,
6708,7,
6709,21,
6710,0,
6711,16,
6712,16,
6713,18,
6714,17,
6715,18,
6716,19,
6717,19,
6718,19,
6719,19,
6720,17,
6721,17,
6722,15,
6723,0,
6724,22,
6725,19,
6726,17,
6727,18,
6728,0,
6729,17,
6730,0,
6731,18,
6732,17,
6733,17,
6734,16,
6735,19,
6736,18,
6737,18,
6738,18,
6739,17,
6740,19,
6741,19,
6742,18,
6743,15,
6744,0,
6745,0,
6746,16,
6747,14,
6748,16,
6749,17,
6750,18,
6751,17,
6752,18,
6753,16,
6754,17,
6755,18,
6756,0,
6757,16,
6758,18,
6759,18,
6760,21,
6761,0,
6762,20,
6763,19,
6764,18,
6765,18,
6766,5,
6767,18,
6768,18,
6769,18,
6770,18,
6771,18,
6772,16,
6773,0,
6774,18,
6775,0,
6776,17,
6777,17,
6778,4,
6779,18,
6780,16,
6781,17,
6782,19,
6783,0,
6784,19,
6785,15,
6786,13,
6787,15,
6788,17,
6789,17,
6790,19,
6791,0,
6792,14,
6793,19,
6794,15,
6795,14,
6796,20,
6797,21,
6798,18,
6799,0,
6800,23,
6801,0,
6802,16,
6803,18,
6804,0,
6805,15,
6806,19,
6807,19,
6808,19,
6809,17,
6810,16,
6811,19,
6812,0,
6813,19,
6814,18,
6815,0,
6816,19,
6817,18,
6818,17,
6819,18,
6820,5,
6821,18,
6822,0,
6823,18,
6824,19,
6825,21,
6826,14,
6827,15,
6828,18,
6829,0,
6830,20,
6831,19,
6832,18,
6833,0,
6834,18,
6835,18,
6836,20,
6837,19,
6838,11,
6839,18,
6840,17,
6841,19,
6842,16,
6843,18,
6844,19,
6845,18,
6846,18,
6847,0,
6848,14,
6849,12,
6850,15,
6851,15,
6852,18,
6853,16,
6854,18,
6855,18,
6856,19,
6857,18,
6858,19,
6859,20,
6860,18,
6861,5,
6862,15,
6863,20,
6864,22,
6865,0,
6866,19,
6867,0,
6868,16,
6869,12,
6870,13,
6871,0,
6872,3,
6873,18,
6874,17,
6875,20,
6876,18,
6877,18,
6878,16,
6879,19,
6880,12,
6881,20,
6882,19,
6883,18,
6884,19,
6885,18,
6886,16,
6887,5,
6888,0,
6889,20,
6890,0,
6891,18,
6892,19,
6893,0,
6894,13,
6895,13,
6896,19,
6897,18,
6898,18,
6899,19,
6900,20,
6901,0,
6902,13,
6903,19,
6904,0,
6905,18,
6906,18,
6907,12,
6908,17,
6909,18,
6910,17,
6911,18,
6912,18,
6913,19,
6914,19,
6915,17,
6916,17,
6917,0,
6918,17,
6919,19,
6920,21,
6921,18,
6922,19,
6923,16,
6924,18,
6925,0,
6926,20,
6927,19,
6928,18,
6929,19,
6930,19,
6931,0,
6932,0,
6933,17,
6934,20,
6935,18,
6936,16,
6937,0,
6938,16,
6939,0,
6940,18,
6941,20,
6942,8,
6943,15,
6944,0,
6945,22,
6946,0,
6947,18,
6948,11,
6949,17,
6950,0,
6951,18,
6952,18,
6953,18,
6954,18,
6955,16,
6956,18,
6957,19,
6958,18,
6959,24,
6960,18,
6961,16,
6962,17,
6963,12,
6964,17,
6965,16,
6966,21,
6967,18,
6968,0,
6969,19,
6970,18,
6971,18,
6972,22,
6973,16,
6974,0,
6975,18,
6976,13,
6977,0,
6978,16,
6979,19,
6980,19,
6981,18,
6982,17,
6983,19,
6984,0,
6985,19,
6986,19,
6987,17,
6988,16,
6989,18,
6990,19,
6991,10,
6992,0,
6993,13,
6994,18,
6995,18,
6996,18,
6997,0,
6998,16,
6999,18,
7000,14,
7001,0,
7002,17,
7003,16,
7004,0,
7005,16,
7006,17,
7007,16,
7008,20,
7009,8,
7010,19,
7011,16,
7012,18,
7013,18,
7014,0,
7015,21,
7016,19,
7017,18,
7018,18,
7019,0,
7020,14,
7021,19,
7022,19,
7023,22,
7024,18,
7025,19,
7026,19,
7027,14,
7028,0,
7029,16,
7030,20,
7031,1,
7032,11,
7033,19,
7034,19,
7035,20,
7036,19,
7037,15,
7038,20,
7039,19,
7040,15,
7041,16,
7042,19,
7043,14,
7044,0,
7045,18,
7046,19,
7047,19,
7048,20,
7049,17,
7050,19,
7051,19,
7052,18,
7053,16,
7054,19,
7055,0,
7056,20,
7057,17,
7058,18,
7059,18,
7060,17,
7061,20,
7062,19,
7063,17,
7064,0,
7065,17,
7066,18,
7067,13,
7068,0,
7069,15,
7070,19,
7071,16,
7072,0,
7073,0,
7074,19,
7075,19,
7076,8,
7077,7,
7078,19,
7079,15,
7080,15,
7081,19,
7082,14,
7083,20,
7084,19,
7085,14,
7086,19,
7087,17,
7088,15,
7089,20,
7090,19,
7091,17,
7092,19,
7093,10,
7094,19,
7095,17,
7096,0,
7097,18,
7098,18,
7099,18,
7100,18,
7101,19,
7102,0,
7103,20,
7104,16,
7105,18,
7106,0,
7107,21,
7108,18,
7109,19,
7110,13,
7111,18,
7112,18,
7113,0,
7114,0,
7115,18,
7116,0,
7117,16,
7118,18,
7119,18,
7120,19,
7121,17,
7122,19,
7123,17,
7124,19,
7125,17,
7126,16,
7127,19,
7128,13,
7129,11,
7130,19,
7131,17,
7132,19,
7133,20,
7134,17,
7135,13,
7136,0,
7137,19,
7138,16,
7139,17,
7140,25,
7141,17,
7142,19,
7143,0,
7144,19,
7145,0,
7146,18,
7147,16,
7148,17,
7149,17,
7150,17,
7151,17,
7152,19,
7153,17,
7154,16,
7155,18,
7156,16,
7157,0,
7158,18,
7159,18,
7160,18,
7161,0,
7162,18,
7163,17,
7164,14,
7165,18,
7166,18,
7167,15,
7168,19,
7169,19,
7170,18,
7171,18,
7172,17,
7173,0,
7174,19,
7175,18,
7176,16,
7177,18,
7178,19,
7179,18,
7180,17,
7181,18,
7182,12,
7183,19,
7184,18,
7185,15,
7186,22,
7187,20,
7188,18,
7189,18,
7190,17,
7191,0,
7192,17,
7193,22,
7194,17,
7195,17,
7196,0,
7197,0,
7198,14,
7199,22,
7200,15,
7201,20,
7202,13,
7203,18,
7204,17,
7205,19,
7206,19,
7207,10,
7208,18,
7209,18,
7210,17,
7211,0,
7212,17,
7213,24,
7214,18,
7215,19,
7216,18,
7217,19,
7218,18,
7219,18,
7220,18,
7221,18,
7222,0,
7223,17,
7224,18,
7225,23,
7226,17,
7227,19,
7228,0,
7229,13,
7230,19,
7231,19,
7232,21,
7233,17,
7234,17,
7235,18,
7236,19,
7237,18,
7238,18,
7239,17,
7240,16,
7241,18,
7242,18,
7243,16,
7244,18,
7245,0,
7246,17,
7247,18,
7248,17,
7249,17,
7250,0,
7251,18,
7252,0,
7253,0,
7254,20,
7255,17,
7256,18,
7257,18,
7258,19,
7259,13,
7260,18,
7261,0,
7262,14,
7263,12,
7264,0,
7265,19,
7266,18,
7267,18,
7268,0,
7269,17,
7270,0,
7271,0,
7272,17,
7273,16,
7274,17,
7275,3,
7276,20,
7277,18,
7278,19,
7279,19,
7280,17,
7281,0,
7282,17,
7283,19,
7284,18,
7285,16,
7286,12,
7287,11,
7288,0,
7289,17,
7290,0,
7291,15,
7292,0,
7293,14,
7294,19,
7295,0,
7296,17,
7297,16,
7298,18,
7299,19,
7300,18,
7301,19,
7302,17,
7303,15,
7304,20,
7305,19,
7306,19,
7307,16,
7308,18,
7309,0,
7310,18,
7311,19,
7312,17,
7313,18,
7314,0,
7315,0,
7316,0,
7317,17,
7318,17,
7319,18,
7320,0,
7321,21,
7322,22,
7323,19,
7324,0,
7325,19,
7326,20,
7327,12,
7328,18,
7329,19,
7330,17,
7331,18,
7332,5,
7333,14,
7334,11,
7335,20,
7336,0,
7337,15,
7338,19,
7339,19,
7340,20,
7341,20,
7342,0,
7343,20,
7344,17,
7345,16,
7346,16,
7347,18,
7348,7,
7349,19,
7350,17,
7351,16,
7352,19,
7353,20,
7354,15,
7355,15,
7356,7,
7357,10,
7358,19,
7359,12,
7360,19,
7361,20,
7362,19,
7363,24,
7364,17,
7365,14,
7366,17,
7367,19,
7368,18,
7369,16,
7370,0,
7371,21,
7372,18,
7373,16,
7374,19,
7375,16,
7376,19,
7377,19,
7378,18,
7379,18,
7380,0,
7381,17,
7382,18,
7383,19,
7384,9,
7385,18,
7386,0,
7387,19,
7388,18,
7389,15,
7390,13,
7391,16,
7392,15,
7393,15,
7394,19,
7395,18,
7396,17,
7397,0,
7398,18,
7399,0,
7400,23,
7401,18,
7402,17,
7403,17,
7404,14,
7405,14,
7406,12,
7407,18,
7408,18,
7409,20,
7410,16,
7411,18,
7412,19,
7413,0,
7414,15,
7415,22,
7416,16,
7417,18,
7418,17,
7419,17,
7420,15,
7421,19,
7422,18,
7423,0,
7424,18,
7425,21,
7426,20,
7427,18,
7428,19,
7429,16,
7430,0,
7431,18,
7432,1,
7433,18,
7434,16,
7435,16,
7436,18,
7437,18,
7438,20,
7439,19,
7440,16,
7441,12,
7442,16,
7443,17,
7444,18,
7445,10,
7446,0,
7447,19,
7448,0,
7449,12,
7450,18,
7451,19,
7452,19,
7453,17,
7454,11,
7455,0,
7456,0,
7457,18,
7458,17,
7459,14,
7460,0,
7461,18,
7462,13,
7463,19,
7464,19,
7465,21,
7466,26,
7467,18,
7468,14,
7469,20,
7470,17,
7471,0,
7472,18,
7473,0,
7474,15,
7475,23,
7476,19,
7477,0,
7478,0,
7479,17,
7480,18,
7481,15,
7482,0,
7483,16,
7484,17,
7485,0,
7486,0,
7487,17,
7488,18,
7489,18,
7490,17,
7491,14,
7492,0,
7493,17,
7494,16,
7495,0,
7496,17,
7497,19,
7498,19,
7499,0,
7500,18,
7501,14,
7502,22,
7503,18,
7504,19,
7505,16,
7506,0,
7507,18,
7508,17,
7509,20,
7510,0,
7511,0,
7512,16,
7513,11,
7514,18,
7515,20,
7516,15,
7517,17,
7518,0,
7519,0,
7520,17,
7521,18,
7522,11,
7523,19,
7524,18,
7525,0,
7526,15,
7527,17,
7528,20,
7529,17,
7530,16,
7531,18,
7532,4,
7533,22,
7534,17,
7535,18,
7536,20,
7537,16,
7538,17,
7539,18,
7540,18,
7541,14,
7542,14,
7543,0,
7544,15,
7545,18,
7546,15,
7547,18,
7548,0,
7549,19,
7550,15,
7551,14,
7552,18,
7553,14,
7554,17,
7555,18,
7556,0,
7557,0,
7558,19,
7559,0,
7560,18,
7561,18,
7562,16,
7563,19,
7564,17,
7565,19,
7566,20,
7567,0,
7568,19,
7569,17,
7570,17,
7571,20,
7572,18,
7573,17,
7574,0,
7575,16,
7576,15,
7577,18,
7578,16,
7579,18,
7580,17,
7581,0,
7582,18,
7583,0,
7584,21,
7585,19,
7586,0,
7587,0,
7588,20,
7589,18,
7590,0,
7591,19,
7592,17,
7593,18,
7594,0,
7595,19,
7596,17,
7597,12,
7598,17,
7599,11,
7600,0,
7601,18,
7602,7,
7603,16,
7604,19,
7605,0,
7606,16,
7607,0,
7608,14,
7609,17,
7610,18,
7611,12,
7612,18,
7613,0,
7614,17,
7615,6,
7616,16,
7617,15,
7618,18,
7619,0,
7620,18,
7621,19,
7622,19,
7623,0,
7624,16,
7625,19,
7626,18,
7627,15,
7628,20,
7629,21,
7630,19,
7631,20,
7632,0,
7633,16,
7634,19,
7635,19,
7636,15,
7637,17,
7638,18,
7639,15,
7640,16,
7641,19,
7642,0,
7643,0,
7644,17,
7645,0,
7646,19,
7647,0,
7648,17,
7649,0,
7650,19,
7651,18,
7652,20,
7653,19,
7654,16,
7655,16,
7656,12,
7657,18,
7658,18,
7659,19,
7660,20,
7661,17,
7662,16,
7663,19,
7664,17,
7665,0,
7666,21,
7667,19,
7668,0,
7669,18,
7670,6,
7671,16,
7672,0,
7673,18,
7674,22,
7675,15,
7676,13,
7677,18,
7678,0,
7679,19,
7680,19,
7681,13,
7682,18,
7683,18,
7684,17,
7685,18,
7686,20,
7687,10,
7688,16,
7689,19,
7690,0,
7691,18,
7692,18,
7693,0,
7694,17,
7695,17,
7696,15,
7697,0,
7698,18,
7699,18,
7700,22,
7701,19,
7702,0,
7703,19,
7704,20,
7705,17,
7706,16,
7707,18,
7708,13,
7709,0,
7710,17,
7711,17,
7712,17,
7713,18,
7714,17,
7715,19,
7716,20,
7717,14,
7718,18,
7719,18,
7720,0,
7721,16,
7722,22,
7723,16,
7724,18,
7725,18,
7726,17,
7727,18,
7728,19,
7729,0,
7730,19,
7731,0,
7732,15,
7733,19,
7734,4,
7735,16,
7736,20,
7737,16,
7738,15,
7739,19,
7740,0,
7741,18,
7742,17,
7743,19,
7744,17,
7745,18,
7746,19,
7747,17,
7748,20,
7749,19,
7750,0,
7751,18,
7752,18,
7753,17,
7754,0,
7755,14,
7756,12,
7757,16,
7758,19,
7759,18,
7760,19,
7761,18,
7762,19,
7763,16,
7764,19,
7765,16,
7766,18,
7767,13,
7768,16,
7769,16,
7770,15,
7771,19,
7772,18,
7773,17,
7774,0,
7775,19,
7776,17,
7777,16,
7778,17,
7779,19,
7780,15,
7781,22,
7782,18,
7783,0,
7784,19,
7785,17,
7786,18,
7787,14,
7788,18,
7789,0,
7790,14,
7791,14,
7792,20,
7793,0,
7794,19,
7795,21,
7796,20,
7797,13,
7798,22,
7799,19,
7800,18,
7801,22,
7802,16,
7803,14,
7804,15,
7805,19,
7806,19,
7807,17,
7808,14,
7809,16,
7810,19,
7811,20,
7812,18,
7813,16,
7814,0,
7815,17,
7816,19,
7817,1,
7818,19,
7819,15,
7820,16,
7821,17,
7822,7,
7823,18,
7824,0,
7825,15,
7826,15,
7827,19,
7828,17,
7829,19,
7830,0,
7831,14,
7832,0,
7833,16,
7834,19,
7835,15,
7836,15,
7837,16,
7838,16,
7839,15,
7840,15,
7841,18,
7842,18,
7843,0,
7844,18,
7845,0,
7846,19,
7847,14,
7848,14,
7849,16,
7850,23,
7851,13,
7852,19,
7853,0,
7854,18,
7855,18,
7856,6,
7857,17,
7858,3,
7859,19,
7860,17,
7861,16,
7862,18,
7863,14,
7864,18,
7865,0,
7866,17,
7867,18,
7868,0,
7869,14,
7870,18,
7871,12,
7872,18,
7873,0,
7874,7,
7875,18,
7876,17,
7877,0,
7878,18,
7879,17,
7880,19,
7881,19,
7882,0,
7883,18,
7884,18,
7885,17,
7886,19,
7887,19,
7888,19,
7889,17,
7890,19,
7891,17,
7892,18,
7893,19,
7894,19,
7895,18,
7896,18,
7897,8,
7898,16,
7899,19,
7900,0,
7901,18,
7902,18,
7903,22,
7904,19,
7905,0,
7906,15,
7907,18,
7908,0,
7909,17,
7910,15,
7911,0,
7912,18,
7913,0,
7914,0,
7915,17,
7916,16,
7917,17,
7918,18,
7919,0,
7920,12,
7921,17,
7922,21,
7923,18,
7924,18,
7925,18,
7926,16,
7927,19,
7928,6,
7929,17,
7930,18,
7931,18,
7932,18,
7933,0,
7934,0,
7935,18,
7936,24,
7937,18,
7938,14,
7939,23,
7940,18,
7941,17,
7942,20,
7943,17,
7944,17,
7945,18,
7946,19,
7947,17,
7948,18,
7949,0,
7950,0,
7951,6,
7952,11,
7953,20,
7954,19,
7955,20,
7956,20,
7957,19,
7958,16,
7959,14,
7960,16,
7961,0,
7962,18,
7963,15,
7964,21,
7965,11,
7966,0,
7967,17,
7968,15,
7969,17,
7970,19,
7971,18,
7972,20,
7973,17,
7974,18,
7975,22,
7976,3,
7977,13,
7978,19,
7979,20,
7980,17,
7981,19,
7982,17,
7983,18,
7984,16,
7985,18,
7986,19,
7987,16,
7988,16,
7989,20,
7990,19,
7991,18,
7992,18,
7993,19,
7994,13,
7995,18,
7996,18,
7997,18,
7998,18,
7999,19,
8000,18,
8001,0,
8002,17,
8003,19,
8004,0,
8005,16,
8006,17,
8007,17,
8008,19,
8009,18,
8010,20,
8011,0,
8012,15,
8013,19,
8014,17,
8015,18,
8016,19,
8017,20,
8018,16,
8019,18,
8020,19,
8021,0,
8022,18,
8023,0,
8024,18,
8025,18,
8026,20,
8027,17,
8028,19,
8029,13,
8030,19,
8031,17,
8032,17,
8033,18,
8034,16,
8035,17,
8036,14,
8037,15,
8038,17,
8039,19,
8040,16,
8041,17,
8042,19,
8043,18,
8044,17,
8045,16,
8046,19,
8047,16,
8048,18,
8049,16,
8050,14,
8051,19,
8052,15,
8053,17,
8054,17,
8055,18,
8056,19,
8057,19,
8058,17,
8059,18,
8060,0,
8061,18,
8062,16,
8063,0,
8064,18,
8065,16,
8066,16,
8067,19,
8068,16,
8069,0,
8070,0,
8071,18,
8072,19,
8073,17,
8074,19,
8075,17,
8076,7,
8077,17,
8078,16,
8079,17,
8080,22,
8081,16,
8082,11,
8083,17,
8084,16,
8085,17,
8086,0,
8087,17,
8088,0,
8089,17,
8090,0,
8091,19,
8092,17,
8093,18,
8094,16,
8095,17,
8096,17,
8097,17,
8098,16,
8099,20,
8100,19,
8101,9,
8102,19,
8103,28,
8104,19,
8105,19,
8106,2,
8107,18,
8108,17,
8109,18,
8110,19,
8111,14,
8112,18,
8113,8,
8114,15,
8115,17,
8116,20,
8117,15,
8118,15,
8119,15,
8120,0,
8121,19,
8122,17,
8123,16,
8124,19,
8125,17,
8126,18,
8127,18,
8128,15,
8129,16,
8130,17,
8131,19,
8132,14,
8133,0,
8134,0,
8135,16,
8136,22,
8137,15,
8138,20,
8139,18,
8140,18,
8141,20,
8142,18,
8143,15,
8144,20,
8145,18,
8146,20,
8147,17,
8148,17,
8149,19,
8150,18,
8151,18,
8152,17,
8153,21,
8154,19,
8155,18,
8156,19,
8157,0,
8158,18,
8159,18,
8160,20,
8161,0,
8162,19,
8163,18,
8164,19,
8165,14,
8166,16,
8167,14,
8168,17,
8169,14,
8170,18,
8171,19,
8172,0,
8173,19,
8174,18,
8175,23,
8176,0,
8177,21,
8178,0,
8179,16,
8180,17,
8181,18,
8182,19,
8183,20,
8184,22,
8185,17,
8186,19,
8187,18,
8188,12,
8189,17,
8190,19,
8191,16,
8192,17,
8193,16,
8194,17,
8195,19,
8196,19,
8197,0,
8198,18,
8199,18,
8200,0,
8201,0,
8202,10,
8203,20,
8204,15,
8205,18,
8206,14,
8207,18,
8208,0,
8209,10,
8210,17,
8211,17,
8212,12,
8213,16,
8214,17,
8215,18,
8216,18,
8217,0,
8218,0,
8219,19,
8220,17,
8221,17,
8222,19,
8223,18,
8224,15,
8225,15,
8226,19,
8227,19,
8228,18,
8229,17,
8230,0,
8231,0,
8232,20,
8233,16,
8234,18,
8235,0,
8236,23,
8237,18,
8238,19,
8239,18,
8240,17,
8241,0,
8242,16,
8243,18,
8244,17,
8245,17,
8246,18,
8247,18,
8248,18,
8249,18,
8250,17,
8251,14,
8252,20,
8253,16,
8254,19,
8255,14,
8256,16,
8257,17,
8258,11,
8259,19,
8260,19,
8261,18,
8262,17,
8263,20,
8264,0,
8265,0,
8266,14,
8267,17,
8268,19,
8269,18,
8270,0,
8271,0,
8272,16,
8273,0,
8274,13,
8275,15,
8276,18,
8277,19,
8278,0,
8279,12,
8280,18,
8281,18,
8282,0,
8283,17,
8284,15,
8285,8,
8286,18,
8287,0,
8288,0,
8289,18,
8290,18,
8291,19,
8292,18,
8293,16,
8294,14,
8295,0,
8296,0,
8297,18,
8298,19,
8299,19,
8300,19,
8301,19,
8302,19,
8303,18,
8304,17,
8305,18,
8306,18,
8307,19,
8308,6,
8309,0,
8310,0,
8311,0,
8312,20,
8313,15,
8314,18,
8315,0,
8316,16,
8317,18,
8318,2,
8319,19,
8320,16,
8321,18,
8322,19,
8323,8,
8324,16,
8325,18,
8326,21,
8327,15,
8328,16,
8329,19,
8330,16,
8331,15,
8332,16,
8333,18,
8334,17,
8335,19,
8336,17,
8337,15,
8338,18,
8339,18,
8340,18,
8341,19,
8342,16,
8343,17,
8344,16,
8345,0,
8346,18,
8347,18,
8348,16,
8349,19,
8350,17,
8351,18,
8352,19,
8353,20,
8354,19,
8355,19,
8356,18,
8357,19,
8358,18,
8359,16,
8360,16,
8361,19,
8362,16,
8363,0,
8364,19,
8365,0,
8366,18,
8367,17,
8368,18,
8369,19,
8370,20,
8371,19,
8372,12,
8373,18,
8374,19,
8375,17,
8376,18,
8377,20,
8378,15,
8379,0,
8380,19,
8381,0,
8382,18,
8383,17,
8384,9,
8385,21,
8386,17,
8387,20,
8388,19,
8389,19,
8390,20,
8391,10,
8392,18,
8393,19,
8394,15,
8395,17,
8396,18,
8397,16,
8398,19,
8399,19,
8400,18,
8401,16,
8402,17,
8403,19,
8404,17,
8405,16,
8406,18,
8407,19,
8408,17,
8409,16,
8410,14,
8411,19,
8412,18,
8413,17,
8414,18,
8415,18,
8416,17,
8417,18,
8418,20,
8419,15,
8420,16,
8421,18,
8422,17,
8423,17,
8424,16,
8425,18,
8426,14,
8427,19,
8428,16,
8429,19,
8430,0,
8431,17,
8432,21,
8433,14,
8434,19,
8435,18,
8436,17,
8437,18,
8438,18,
8439,15,
8440,0,
8441,19,
8442,16,
8443,19,
8444,19,
8445,18,
8446,16,
8447,18,
8448,0,
8449,18,
8450,17,
8451,16,
8452,0,
8453,19,
8454,17,
8455,19,
8456,19,
8457,15,
8458,12,
8459,14,
8460,18,
8461,11,
8462,18,
8463,20,
8464,0,
8465,17,
8466,0,
8467,17,
8468,20,
8469,15,
8470,18,
8471,0,
8472,16,
8473,19,
8474,15,
8475,17,
8476,16,
8477,19,
8478,0,
8479,18,
8480,0,
8481,15,
8482,0,
8483,0,
8484,17,
8485,17,
8486,19,
8487,5,
8488,12,
8489,18,
8490,8,
8491,18,
8492,18,
8493,16,
8494,19,
8495,17,
8496,18,
8497,23,
8498,0,
8499,7,
8500,18,
8501,19,
8502,19,
8503,17,
8504,19,
8505,17,
8506,18,
8507,0,
8508,16,
8509,15,
8510,19,
8511,16,
8512,18,
8513,18,
8514,5,
8515,10,
8516,18,
8517,17,
8518,17,
8519,19,
8520,19,
8521,19,
8522,17,
8523,17,
8524,20,
8525,20,
8526,15,
8527,18,
8528,18,
8529,14,
8530,17,
8531,20,
8532,19,
8533,18,
8534,0,
8535,17,
8536,17,
8537,17,
8538,19,
8539,15,
8540,19,
8541,17,
8542,15,
8543,17,
8544,18,
8545,18,
8546,19,
8547,19,
8548,15,
8549,0,
8550,18,
8551,18,
8552,19,
8553,16,
8554,19,
8555,0,
8556,19,
8557,14,
8558,17,
8559,14,
8560,0,
8561,18,
8562,18,
8563,18,
8564,17,
8565,19,
8566,0,
8567,19,
8568,21,
8569,14,
8570,17,
8571,17,
8572,19,
8573,17,
8574,18,
8575,19,
8576,18,
8577,18,
8578,21,
8579,16,
8580,20,
8581,19,
8582,16,
8583,15,
8584,18,
8585,19,
8586,18,
8587,17,
8588,16,
8589,13,
8590,0,
8591,15,
8592,18,
8593,19,
8594,0,
8595,19,
8596,19,
8597,16,
8598,15,
8599,21,
8600,0,
8601,19,
8602,0,
8603,0,
8604,19,
8605,17,
8606,19,
8607,14,
8608,19,
8609,20,
8610,14,
8611,18,
8612,18,
8613,0,
8614,0,
8615,17,
8616,15,
8617,19,
8618,18,
8619,17,
8620,17,
8621,18,
8622,0,
8623,17,
8624,18,
8625,15,
8626,14,
8627,18,
8628,16,
8629,18,
8630,16,
8631,0,
8632,18,
8633,21,
8634,16,
8635,18,
8636,19,
8637,0,
8638,11,
8639,18,
8640,19,
8641,18,
8642,18,
8643,20,
8644,0,
8645,19,
8646,19,
8647,16,
8648,18,
8649,12,
8650,18,
8651,17,
8652,20,
8653,20,
8654,20,
8655,14,
8656,19,
8657,19,
8658,17,
8659,20,
8660,0,
8661,0,
8662,16,
8663,0,
8664,19,
8665,13,
8666,16,
8667,19,
8668,12,
8669,16,
8670,20,
8671,18,
8672,0,
8673,11,
8674,10,
8675,16,
8676,15,
8677,19,
8678,16,
8679,17,
8680,0,
8681,18,
8682,19,
8683,19,
8684,19,
8685,17,
8686,0,
8687,18,
8688,19,
8689,12,
8690,14,
8691,16,
8692,12,
8693,0,
8694,15,
8695,16,
8696,0,
8697,17,
8698,4,
8699,19,
8700,15,
8701,19,
8702,18,
8703,19,
8704,17,
8705,19,
8706,17,
8707,18,
8708,19,
8709,17,
8710,0,
8711,18,
8712,0,
8713,3,
8714,0,
8715,19,
8716,18,
8717,17,
8718,15,
8719,0,
8720,0,
8721,20,
8722,19,
8723,18,
8724,18,
8725,0,
8726,18,
8727,19,
8728,19,
8729,15,
8730,8,
8731,0,
8732,18,
8733,16,
8734,16,
8735,0,
8736,17,
8737,12,
8738,19,
8739,15,
8740,19,
8741,0,
8742,0,
8743,13,
8744,17,
8745,18,
8746,0,
8747,12,
8748,18,
8749,19,
8750,17,
8751,0,
8752,17,
8753,0,
8754,14,
8755,13,
8756,19,
8757,19,
8758,15,
8759,19,
8760,19,
8761,19,
8762,13,
8763,15,
8764,18,
8765,17,
8766,19,
8767,18,
8768,16,
8769,0,
8770,18,
8771,18,
8772,0,
8773,15,
8774,18,
8775,18,
8776,0,
8777,17,
8778,16,
8779,13,
8780,0,
8781,16,
8782,18,
8783,19,
8784,17,
8785,18,
8786,17,
8787,18,
8788,17,
8789,19,
8790,18,
8791,0,
8792,19,
8793,12,
8794,0,
8795,18,
8796,20,
8797,15,
8798,14,
8799,18,
8800,0,
8801,22,
8802,12,
8803,16,
8804,17,
8805,21,
8806,16,
8807,20,
8808,18,
8809,19,
8810,18,
8811,20,
8812,17,
8813,16,
8814,15,
8815,19,
8816,18,
8817,17,
8818,15,
8819,0,
8820,15,
8821,13,
8822,18,
8823,15,
8824,18,
8825,19,
8826,14,
8827,17,
8828,21,
8829,13,
8830,18,
8831,17,
8832,18,
8833,16,
8834,16,
8835,0,
8836,18,
8837,19,
8838,17,
8839,19,
8840,16,
8841,21,
8842,17,
8843,19,
8844,17,
8845,17,
8846,18,
8847,20,
8848,17,
8849,0,
8850,16,
8851,22,
8852,0,
8853,0,
8854,18,
8855,15,
8856,16,
8857,19,
8858,0,
8859,15,
8860,15,
8861,22,
8862,21,
8863,14,
8864,20,
8865,17,
8866,17,
8867,18,
8868,18,
8869,16,
8870,16,
8871,16,
8872,15,
8873,20,
8874,17,
8875,17,
8876,16,
8877,19,
8878,15,
8879,16,
8880,20,
8881,14,
8882,19,
8883,19,
8884,18,
8885,18,
8886,14,
8887,18,
8888,0,
8889,17,
8890,2,
8891,19,
8892,19,
8893,12,
8894,19,
8895,17,
8896,20,
8897,19,
8898,0,
8899,15,
8900,0,
8901,17,
8902,16,
8903,21,
8904,16,
8905,0,
8906,16,
8907,0,
8908,19,
8909,15,
8910,18,
8911,17,
8912,18,
8913,0,
8914,19,
8915,8,
8916,15,
8917,0,
8918,19,
8919,0,
8920,17,
8921,16,
8922,15,
8923,17,
8924,19,
8925,14,
8926,16,
8927,17,
8928,18,
8929,15,
8930,20,
8931,17,
8932,19,
8933,21,
8934,19,
8935,0,
8936,17,
8937,0,
8938,17,
8939,15,
8940,19,
8941,18,
8942,0,
8943,6,
8944,17,
8945,0,
8946,19,
8947,17,
8948,16,
8949,19,
8950,0,
8951,17,
8952,21,
8953,18,
8954,18,
8955,17,
8956,18,
8957,19,
8958,10,
8959,17,
8960,20,
8961,19,
8962,15,
8963,18,
8964,18,
8965,15,
8966,17,
8967,12,
8968,17,
8969,19,
8970,16,
8971,20,
8972,22,
8973,17,
8974,19,
8975,16,
8976,18,
8977,0,
8978,0,
8979,17,
8980,17,
8981,17,
8982,20,
8983,18,
8984,16,
8985,16,
8986,19,
8987,16,
8988,18,
8989,19,
8990,22,
8991,19,
8992,20,
8993,19,
8994,18,
8995,9,
8996,19,
8997,21,
8998,18,
8999,18,
9000,17,
9001,18,
9002,21,
9003,16,
9004,19,
9005,16,
9006,17,
9007,0,
9008,19,
9009,16,
9010,0,
9011,14,
9012,0,
9013,21,
9014,0,
9015,17,
9016,19,
9017,19,
9018,15,
9019,17,
9020,16,
9021,19,
9022,19,
9023,19,
9024,18,
9025,19,
9026,19,
9027,18,
9028,15,
9029,17,
9030,18,
9031,17,
9032,18,
9033,18,
9034,16,
9035,17,
9036,21,
9037,20,
9038,19,
9039,19,
9040,19,
9041,19,
9042,20,
9043,20,
9044,18,
9045,19,
9046,15,
9047,18,
9048,18,
9049,18,
9050,16,
9051,0,
9052,17,
9053,0,
9054,0,
9055,18,
9056,18,
9057,0,
9058,16,
9059,0,
9060,19,
9061,20,
9062,18,
9063,0,
9064,19,
9065,22,
9066,18,
9067,11,
9068,13,
9069,0,
9070,17,
9071,17,
9072,16,
9073,0,
9074,19,
9075,0,
9076,19,
9077,18,
9078,19,
9079,17,
9080,16,
9081,18,
9082,18,
9083,18,
9084,0,
9085,0,
9086,16,
9087,18,
9088,17,
9089,16,
9090,19,
9091,12,
9092,18,
9093,0,
9094,0,
9095,17,
9096,16,
9097,16,
9098,18,
9099,16,
9100,19,
9101,20,
9102,14,
9103,18,
9104,20,
9105,19,
9106,17,
9107,17,
9108,15,
9109,16,
9110,19,
9111,16,
9112,0,
9113,19,
9114,18,
9115,19,
9116,19,
9117,0,
9118,13,
9119,17,
9120,18,
9121,18,
9122,16,
9123,18,
9124,18,
9125,16,
9126,17,
9127,17,
9128,19,
9129,17,
9130,18,
9131,18,
9132,3,
9133,16,
9134,20,
9135,19,
9136,19,
9137,20,
9138,17,
9139,17,
9140,17,
9141,15,
9142,17,
9143,14,
9144,14,
9145,18,
9146,18,
9147,15,
9148,19,
9149,22,
9150,0,
9151,0,
9152,17,
9153,17,
9154,19,
9155,19,
9156,18,
9157,18,
9158,15,
9159,19,
9160,18,
9161,18,
9162,16,
9163,18,
9164,17,
9165,0,
9166,21,
9167,18,
9168,0,
9169,15,
9170,19,
9171,21,
9172,18,
9173,19,
9174,15,
9175,20,
9176,13,
9177,13,
9178,14,
9179,17,
9180,17,
9181,16,
9182,19,
9183,17,
9184,0,
9185,0,
9186,19,
9187,18,
9188,17,
9189,17,
9190,16,
9191,19,
9192,17,
9193,8,
9194,17,
9195,5,
9196,18,
9197,0,
9198,19,
9199,16,
9200,16,
9201,19,
9202,15,
9203,8,
9204,19,
9205,19,
9206,18,
9207,19,
9208,18,
9209,15,
9210,19,
9211,18,
9212,15,
9213,20,
9214,21,
9215,0,
9216,20,
9217,18,
9218,0,
9219,14,
9220,19,
9221,17,
9222,18,
9223,17,
9224,13,
9225,15,
9226,18,
9227,14,
9228,0,
9229,18,
9230,15,
9231,21,
9232,0,
9233,0,
9234,0,
9235,12,
9236,15,
9237,18,
9238,17,
9239,18,
9240,0,
9241,17,
9242,17,
9243,19,
9244,17,
9245,19,
9246,0,
9247,15,
9248,24,
9249,20,
9250,0,
9251,25,
9252,13,
9253,15,
9254,13,
9255,19,
9256,19,
9257,2,
9258,0,
9259,16,
9260,19,
9261,19,
9262,15,
9263,21,
9264,7,
9265,19,
9266,16,
9267,22,
9268,19,
9269,19,
9270,19,
9271,16,
9272,19,
9273,12,
9274,18,
9275,0,
9276,18,
9277,0,
9278,18,
9279,14,
9280,23,
9281,19,
9282,18,
9283,18,
9284,20,
9285,17,
9286,18,
9287,16,
9288,17,
9289,19,
9290,0,
9291,17,
9292,19,
9293,18,
9294,0,
9295,19,
9296,20,
9297,19,
9298,19,
9299,16,
9300,17,
9301,17,
9302,19,
9303,19,
9304,17,
9305,0,
9306,0,
9307,19,
9308,9,
9309,20,
9310,18,
9311,0,
9312,17,
9313,18,
9314,20,
9315,13,
9316,16,
9317,15,
9318,19,
9319,15,
9320,18,
9321,18,
9322,17,
9323,19,
9324,15,
9325,18,
9326,3,
9327,19,
9328,19,
9329,23,
9330,22,
9331,16,
9332,19,
9333,19,
9334,4,
9335,19,
9336,18,
9337,9,
9338,0,
9339,22,
9340,14,
9341,19,
9342,19,
9343,20,
9344,18,
9345,0,
9346,19,
9347,18,
9348,18,
9349,0,
9350,0,
9351,0,
9352,19,
9353,17,
9354,16,
9355,17,
9356,19,
9357,15,
9358,15,
9359,18,
9360,21,
9361,20,
9362,10,
9363,19,
9364,19,
9365,20,
9366,19,
9367,21,
9368,16,
9369,18,
9370,17,
9371,0,
9372,16,
9373,18,
9374,20,
9375,18,
9376,19,
9377,0,
9378,19,
9379,0,
9380,0,
9381,16,
9382,15,
9383,19,
9384,17,
9385,18,
9386,21,
9387,19,
9388,14,
9389,13,
9390,19,
9391,20,
9392,18,
9393,18,
9394,18,
9395,17,
9396,0,
9397,15,
9398,0,
9399,17,
9400,18,
9401,0,
9402,19,
9403,22,
9404,19,
9405,19,
9406,18,
9407,19,
9408,18,
9409,14,
9410,19,
9411,23,
9412,18,
9413,0,
9414,16,
9415,16,
9416,17,
9417,18,
9418,21,
9419,17,
9420,19,
9421,18,
9422,17,
9423,15,
9424,17,
9425,19,
9426,17,
9427,0,
9428,21,
9429,17,
9430,15,
9431,19,
9432,0,
9433,18,
9434,0,
9435,0,
9436,18,
9437,19,
9438,19,
9439,21,
9440,21,
9441,18,
9442,0,
9443,18,
9444,19,
9445,0,
9446,19,
9447,19,
9448,17,
9449,17,
9450,0,
9451,19,
9452,18,
9453,18,
9454,18,
9455,19,
9456,16,
9457,0,
9458,19,
9459,17,
9460,0,
9461,19,
9462,17,
9463,19,
9464,16,
9465,18,
9466,19,
9467,0,
9468,18,
9469,19,
9470,19,
9471,0,
9472,19,
9473,0,
9474,0,
9475,19,
9476,18,
9477,19,
9478,20,
9479,0,
9480,19,
9481,18,
9482,19,
9483,18,
9484,19,
9485,18,
9486,19,
9487,8,
9488,13,
9489,18,
9490,11,
9491,18,
9492,18,
9493,19,
9494,7,
9495,0,
9496,18,
9497,18,
9498,18,
9499,15,
9500,19,
9501,18,
9502,19,
9503,15,
9504,11,
9505,18,
9506,18,
9507,0,
9508,0,
9509,21,
9510,14,
9511,26,
9512,18,
9513,0,
9514,0,
9515,0,
9516,17,
9517,18,
9518,20,
9519,19,
9520,0,
9521,15,
9522,19,
9523,18,
9524,0,
9525,18,
9526,0,
9527,18,
9528,0,
9529,17,
9530,9,
9531,19,
9532,10,
9533,19,
9534,0,
9535,21,
9536,18,
9537,0,
9538,15,
9539,20,
9540,19,
9541,19,
9542,20,
9543,18,
9544,20,
9545,19,
9546,17,
9547,16,
9548,15,
9549,16,
9550,18,
9551,14,
9552,17,
9553,0,
9554,13,
9555,8,
9556,15,
9557,17,
9558,0,
9559,3,
9560,18,
9561,19,
9562,16,
9563,19,
9564,20,
9565,4,
9566,20,
9567,18,
9568,0,
9569,0,
9570,13,
9571,19,
9572,17,
9573,15,
9574,19,
9575,17,
9576,21,
9577,10,
9578,17,
9579,17,
9580,17,
9581,18,
9582,22,
9583,18,
9584,19,
9585,22,
9586,17,
9587,12,
9588,15,
9589,18,
9590,17,
9591,16,
9592,19,
9593,7,
9594,16,
9595,15,
9596,15,
9597,0,
9598,18,
9599,20,
9600,21,
9601,20,
9602,16,
9603,20,
9604,16,
9605,19,
9606,20,
9607,18,
9608,19,
9609,0,
9610,0,
9611,19,
9612,18,
9613,4,
9614,0,
9615,0,
9616,17,
9617,16,
9618,17,
9619,18,
9620,0,
9621,16,
9622,17,
9623,0,
9624,18,
9625,19,
9626,16,
9627,19,
9628,0,
9629,0,
9630,18,
9631,0,
9632,19,
9633,15,
9634,14,
9635,18,
9636,14,
9637,15,
9638,15,
9639,4,
9640,18,
9641,19,
9642,14,
9643,20,
9644,18,
9645,19,
9646,12,
9647,18,
9648,19,
9649,0,
9650,20,
9651,20,
9652,14,
9653,19,
9654,19,
9655,17,
9656,0,
9657,19,
9658,15,
9659,19,
9660,8,
9661,16,
9662,18,
9663,19,
9664,17,
9665,18,
9666,0,
9667,19,
9668,19,
9669,9,
9670,13,
9671,18,
9672,0,
9673,16,
9674,0,
9675,19,
9676,11,
9677,0,
9678,0,
9679,19,
9680,20,
9681,0,
9682,0,
9683,18,
9684,18,
9685,18,
9686,0,
9687,14,
9688,9,
9689,18,
9690,18,
9691,0,
9692,18,
9693,19,
9694,18,
9695,20,
9696,17,
9697,18,
9698,11,
9699,17,
9700,19,
9701,20,
9702,19,
9703,19,
9704,16,
9705,0,
9706,17,
9707,16,
9708,0,
9709,18,
9710,18,
9711,17,
9712,15,
9713,16,
9714,16,
9715,16,
9716,19,
9717,0,
9718,19,
9719,17,
9720,18,
9721,19,
9722,18,
9723,0,
9724,0,
9725,17,
9726,17,
9727,18,
9728,18,
9729,17,
9730,19,
9731,15,
9732,19,
9733,20,
9734,20,
9735,0,
9736,19,
9737,19,
9738,18,
9739,15,
9740,18,
9741,17,
9742,19,
9743,16,
9744,19,
9745,17,
9746,19,
9747,18,
9748,15,
9749,17,
9750,0,
9751,19,
9752,19,
9753,20,
9754,18,
9755,19,
9756,18,
9757,18,
9758,18,
9759,21,
9760,16,
9761,17,
9762,15,
9763,18,
9764,14,
9765,18,
9766,8,
9767,17,
9768,18,
9769,19,
9770,18,
9771,20,
9772,17,
9773,19,
9774,18,
9775,19,
9776,15,
9777,19,
9778,0,
9779,12,
9780,19,
9781,18,
9782,17,
9783,16,
9784,19,
9785,23,
9786,0,
9787,21,
9788,15,
9789,0,
9790,17,
9791,18,
9792,17,
9793,17,
9794,9,
9795,18,
9796,16,
9797,18,
9798,16,
9799,19,
9800,20,
9801,17,
9802,20,
9803,14,
9804,18,
9805,18,
9806,0,
9807,19,
9808,18,
9809,16,
9810,16,
9811,16,
9812,0,
9813,18,
9814,0,
9815,0,
9816,0,
9817,15,
9818,17,
9819,20,
9820,16,
9821,18,
9822,18,
9823,18,
9824,0,
9825,18,
9826,18,
9827,22,
9828,19,
9829,19,
9830,16,
9831,19,
9832,0,
9833,18,
9834,17,
9835,19,
9836,0,
9837,16,
9838,15,
9839,19,
9840,18,
9841,17,
9842,16,
9843,0,
9844,19,
9845,18,
9846,17,
9847,17,
9848,0,
9849,11,
9850,16,
9851,0,
9852,19,
9853,18,
9854,16,
9855,16,
9856,19,
9857,15,
9858,18,
9859,15,
9860,17,
9861,19,
9862,15,
9863,19,
9864,18,
9865,19,
9866,16,
9867,18,
9868,18,
9869,14,
9870,17,
9871,15,
9872,16,
9873,20,
9874,0,
9875,18,
9876,13,
9877,17,
9878,13,
9879,14,
9880,18,
9881,20,
9882,22,
9883,16,
9884,9,
9885,20,
9886,19,
9887,19,
9888,0,
9889,17,
9890,18,
9891,15,
9892,17,
9893,15,
9894,16,
9895,17,
9896,0,
9897,16,
9898,19,
9899,18,
9900,19,
9901,17,
9902,18,
9903,19,
9904,17,
9905,15,
9906,19,
9907,18,
9908,17,
9909,19,
9910,19,
9911,18,
9912,15,
9913,17,
9914,17,
9915,24,
9916,18,
9917,17,
9918,18,
9919,19,
9920,21,
9921,19,
9922,17,
9923,19,
9924,18,
9925,17,
9926,15,
9927,15,
9928,22,
9929,16,
9930,16,
9931,17,
9932,19,
9933,16,
9934,19,
9935,16,
9936,16,
9937,19,
9938,12,
9939,0,
9940,18,
9941,10,
9942,17,
9943,13,
9944,11,
9945,21,
9946,6,
9947,17,
9948,18,
9949,18,
9950,18,
9951,18,
9952,19,
9953,23,
9954,19,
9955,19,
9956,0,
9957,19,
9958,18,
9959,17,
9960,0,
9961,17,
9962,17,
9963,19,
9964,14,
9965,17,
9966,7,
9967,18,
9968,0,
9969,17,
9970,15,
9971,18,
9972,20,
9973,0,
9974,18,
9975,14,
9976,19,
9977,19,
9978,18,
9979,18,
9980,20,
9981,18,
9982,16,
9983,0,
9984,14,
9985,11,
9986,21,
9987,14,
9988,0,
9989,0,
9990,28,
9991,19,
9992,18,
9993,20,
9994,21,
9995,19,
9996,19,
9997,16,
9998,17,
9999,19,
